patient_id,roiNum,deltaRel_mean,thetaRel_mean,alphaRel_mean,betaRel_mean,gammaRel_mean,entropy_1min_mean,entropy_fullts_mean,roi
3,2001,0.1223271287643664,0.105415085148871,0.248870843367079,0.1863579559333174,0.0737710252708045,0.6776996431597968,0.8079406648773623,ctx-rh-bankssts
3,2003,0.1342915929318032,0.135648010010181,0.2233896979052271,0.1787850008588169,0.0715618555162671,0.6785379080482371,0.8088331003039612,ctx-rh-caudalmiddlefrontal
3,2008,0.1333845191323682,0.1308012143328851,0.2118953717603631,0.1838574735115719,0.1048854367177194,0.6874486451865602,0.8183485984375487,ctx-rh-inferiorparietal
3,2015,0.1673674471617675,0.1551112539888137,0.1910193010548377,0.1671098883499363,0.0981641201906704,0.6726146989993087,0.8024998671877209,ctx-rh-middletemporal
3,2018,0.1408167163206014,0.1243990787279926,0.244452856676502,0.1673500834151088,0.0405225560205514,0.6769057319731911,0.8070912976165326,ctx-rh-parsopercularis
3,2020,0.128439637041038,0.1375790443681478,0.2308671887977685,0.1744420718593982,0.0484720264005776,0.6750064527668299,0.8050613208955926,ctx-rh-parstriangularis
3,2022,0.1263543333072374,0.1088996399917196,0.2468935070268119,0.1804739513889328,0.0413928168397225,0.6673476916650847,0.7968654416785933,ctx-rh-postcentral
3,2024,0.13268264317694,0.1201837534088041,0.246199336086764,0.1686631635156498,0.0352311211387002,0.6700722699739495,0.7997822602740486,ctx-rh-precentral
3,2027,0.1501306784001281,0.1412045135769756,0.2135448547595012,0.1749193182464698,0.0548659681603604,0.6809361328722854,0.8113974605415197,ctx-rh-rostralmiddlefrontal
3,2030,0.1357064021911537,0.1216675523204095,0.2460566694270941,0.1724483551141888,0.0567260291097721,0.6614425168977826,0.7905341317572837,ctx-rh-superiortemporal
3,2031,0.0956501118912599,0.102894927783818,0.2555537825849194,0.198152940370615,0.064654288106411,0.6772463759214478,0.8074502201354207,ctx-rh-supramarginal
4,1015,0.1761955013800521,0.183417514994328,0.1616776908757017,0.1492597566848746,0.111724001497074,0.664172536755973,0.7934659383401059,ctx-lh-middletemporal
4,1022,0.1516204909724397,0.1978038360158482,0.1673038454096997,0.1659553368906431,0.0982859796696123,0.6751171014041429,0.8051796419154137,ctx-lh-postcentral
4,1023,0.1638021189602242,0.1731273881324444,0.1534507704195789,0.1634324819982407,0.1336037290470277,0.6593221570563798,0.7882680330022713,ctx-lh-posteriorcingulate
4,1028,0.1637147699030208,0.1739670336488565,0.1542660621973308,0.1616324023478607,0.1376346578285442,0.6606721322650062,0.7897151252068111,ctx-lh-superiorfrontal
4,1030,0.1656228105890602,0.2033337199100496,0.1608012489126521,0.151730371011229,0.0940999783858335,0.6658729320929626,0.795287179611817,ctx-lh-superiortemporal
4,2003,0.1772772734550592,0.169198983121136,0.1462154886038367,0.1624427396024143,0.1305687260927272,0.6612150561969754,0.7902969650939782,ctx-rh-caudalmiddlefrontal
4,2007,0.1954530395495654,0.1839288706647546,0.1530141838961425,0.1448728586987595,0.1038318069952498,0.6706649365956757,0.8004167761552313,ctx-rh-fusiform
4,2008,0.1925014957910401,0.1759877823235313,0.1602746544994726,0.1433350136638453,0.1064014321239251,0.6690073144618829,0.7986415441066512,ctx-rh-inferiorparietal
4,2011,0.1720327425895947,0.1821343574725182,0.1667430886358488,0.146981734492189,0.118173827885432,0.6629496909582405,0.7921557878665284,ctx-rh-lateraloccipital
4,2015,0.1972035098665464,0.1709622515365225,0.162132691293264,0.149264777890591,0.1007985281588536,0.6670312435418367,0.796527023014421,ctx-rh-middletemporal
4,2018,0.1805071928054528,0.173124470578647,0.1485083213920939,0.1685599194745362,0.1054682892249694,0.6626835517523403,0.7918704998598168,ctx-rh-parsopercularis
4,2020,0.1756000863917984,0.1703140761668734,0.1564244670798732,0.1627562457969194,0.1256725174661141,0.6610168102517556,0.7900845664489331,ctx-rh-parstriangularis
4,2022,0.1735388576002193,0.1947258054101408,0.1562434467592288,0.1546768392493833,0.1029943317234164,0.6706300090159902,0.8003781688079249,ctx-rh-postcentral
4,2024,0.1715717611090354,0.1812979634372084,0.1510697891022553,0.1653770698173535,0.1181969357464778,0.6667903265020398,0.7962682019782492,ctx-rh-precentral
4,2027,0.1763476480166579,0.158912268958041,0.146974434725404,0.1733480623452562,0.1304550167484537,0.6606038763597256,0.7896416004468536,ctx-rh-rostralmiddlefrontal
4,2028,0.160332601447978,0.1704440312534294,0.146639467750024,0.169335642349004,0.1374089993170834,0.6601325931607479,0.78913681664781,ctx-rh-superiorfrontal
4,2030,0.2091344914355652,0.1781826282826221,0.1514760653088061,0.144133945088006,0.087921075492379,0.6681701527810157,0.7977459185065583,ctx-rh-superiortemporal
4,2031,0.1869556655631713,0.1941263533411424,0.1598249159273385,0.1491815204156311,0.0914580752852169,0.6709259084156032,0.8006944524904014,ctx-rh-supramarginal
5,1003,0.1667116180148451,0.1723215570836763,0.1520434782099129,0.1676480025328998,0.1340932089104621,0.6626852724684694,0.791872565615836,ctx-lh-caudalmiddlefrontal
5,1009,0.182000651294528,0.1623644516352901,0.1525305025305108,0.1513445711244147,0.1382465117044311,0.6659500671559544,0.7953660750683048,ctx-lh-inferiortemporal
5,1015,0.1933515710343714,0.1629360603039174,0.1467322192509199,0.1412793819515091,0.1371820566406398,0.6628120582669284,0.7920080149838445,ctx-lh-middletemporal
5,1018,0.1874927810206565,0.1641046873741594,0.147363791540772,0.1537478805217514,0.1390865456122102,0.6674492251394328,0.796972039971215,ctx-lh-parsopercularis
5,1020,0.1471537671797269,0.1467545732595389,0.151296054111815,0.1806456287350376,0.1623411277954352,0.66095707862623,0.790020568169892,ctx-lh-parstriangularis
5,1022,0.1677864584102135,0.1706622945312934,0.1533810139077727,0.1649108698375606,0.1178556163244923,0.6648638755489372,0.7942039090304448,ctx-lh-postcentral
5,1024,0.1817899482703766,0.171335103888616,0.150583753993234,0.1594538353863259,0.123603331618245,0.6699162047016908,0.799611914636548,ctx-lh-precentral
5,1027,0.1895419889567683,0.1667350996435484,0.1465350744346074,0.1599770831363529,0.112970557714349,0.6675306005307154,0.7970615025916404,ctx-lh-rostralmiddlefrontal
5,1030,0.2046216839136552,0.1669800519081195,0.1411772175220797,0.1394759758743425,0.1211931039628796,0.6666810950571834,0.7961481030574904,ctx-lh-superiortemporal
5,1031,0.2106929848340652,0.165104470179279,0.1365067820886276,0.1486311955939214,0.0980866184718648,0.6670696884061915,0.7965654267989173,ctx-lh-supramarginal
6,1001,0.2165391453085432,0.1722134705955504,0.1428847454145243,0.1486201139068271,0.0842123453533168,0.6605355238180635,0.7895687293367593,ctx-lh-bankssts
6,1003,0.1656597072582729,0.1670613203699788,0.1462196194523313,0.1778349082867525,0.131885981717371,0.667180960917927,0.7966875615444152,ctx-lh-caudalmiddlefrontal
6,1006,0.2050491743505814,0.1876933687810481,0.1511579490115336,0.1434392862922012,0.090901954127913,0.6648591924062952,0.7942014833904115,ctx-lh-entorhinal
6,1007,0.1882019743822299,0.1715896882446919,0.1578220587631375,0.1554088309612276,0.1178580085582553,0.6693015372670463,0.7989554570347699,ctx-lh-fusiform
6,1008,0.222242627689286,0.1958388157768684,0.1548657199501991,0.1246349980237074,0.0466886307608,0.6739856711063541,0.8039696039031431,ctx-lh-inferiorparietal
6,1009,0.2056500275109718,0.1731468046191368,0.1554844009856266,0.14491355617045,0.099032827202663,0.6730157944396987,0.8029285258127086,ctx-lh-inferiortemporal
6,1013,0.1738849485366125,0.1549031150685811,0.1574140294447674,0.1744907879589692,0.1313076267713021,0.6657051663429403,0.7951074686075131,ctx-lh-lingual
6,1015,0.2089299239753323,0.1765708319994194,0.1555660216094317,0.1456014382473597,0.0893773141078433,0.6735367966366221,0.8034868118715497,ctx-lh-middletemporal
6,1018,0.1703774138203558,0.1726117001618395,0.1526687184252023,0.1750780004820717,0.1182191174193394,0.6683324287372135,0.7979201168608067,ctx-lh-parsopercularis
6,1020,0.1848526130942919,0.1789797526678872,0.1481048626798098,0.1557746298549206,0.1216969813962829,0.6684319951263433,0.798027216237462,ctx-lh-parstriangularis
6,1022,0.1597979299433455,0.1659596566116803,0.1598195721128404,0.1773601549282774,0.1267652844152838,0.667227836339659,0.7967373215226543,ctx-lh-postcentral
6,1024,0.1606419368057319,0.1646011759671138,0.1526138438066371,0.1820749354825589,0.1265221774243155,0.6649362221864311,0.794282600847582,ctx-lh-precentral
6,1027,0.1753246688541964,0.1745243629161744,0.1525198198176172,0.1691981119902033,0.1156071160822574,0.6688138546819041,0.7984353976475835,ctx-lh-rostralmiddlefrontal
6,1030,0.2212341676474129,0.1702905217039173,0.1428144959244431,0.1296395972648362,0.0952470473807772,0.6694267937127908,0.7990912515975372,ctx-lh-superiortemporal
6,1031,0.2143716604727369,0.1859419118551145,0.1622947006464532,0.1404926015172369,0.0506960964722208,0.6708105945870163,0.8005729734102682,ctx-lh-supramarginal
6,1032,0.1990079713542931,0.1731538739203585,0.1419843718079182,0.14815675005404,0.1225697416191856,0.6718494203073649,0.8016844965038601,ctx-lh-frontalpole
6,1033,0.1793680207307905,0.1588129305588584,0.1487639761625035,0.1663744948342941,0.1455508850024075,0.6808811509314904,0.8113404949159629,ctx-lh-temporalpole
6,1035,0.221182844499536,0.1979014710987066,0.1661370383230223,0.1271303715021279,0.0514252423934852,0.6718325064810411,0.8016660260855099,ctx-lh-insula
9,53,0.1863836874492455,0.1890529260133075,0.1622291460520896,0.1319368140593667,0.0748443712767131,0.6709674603824407,0.8007380390692859,Right-Hippocampus
9,2003,0.1450677979090533,0.1485452038557117,0.1582437108797609,0.1961020029037057,0.1280690933549088,0.6634118441239111,0.7926510367741437,ctx-rh-caudalmiddlefrontal
9,2007,0.1744690329081059,0.1802131131258453,0.1782132321515265,0.1481420522895052,0.1054162331562103,0.671432562723343,0.8012366391646895,ctx-rh-fusiform
9,2008,0.1584079367589297,0.1560694297093763,0.1772567278805845,0.1762331613414751,0.1119795081269187,0.6657025991326837,0.795104371670128,ctx-rh-inferiorparietal
9,2009,0.1824655712224352,0.1652241617322805,0.1534104973860805,0.1078836423939963,0.0737790647512202,0.6678767317854136,0.7974295846757264,ctx-rh-inferiortemporal
9,2011,0.1468876360878674,0.1569390236099124,0.1833503574290913,0.1721339633426755,0.1347546602284792,0.6729629888840669,0.8028757866570377,ctx-rh-lateraloccipital
9,2012,0.1579923752606024,0.1522634895327441,0.1516126078064355,0.1764753371966138,0.1463778793415701,0.6602774673941907,0.7892919886525693,ctx-rh-lateralorbitofrontal
9,2013,0.15904409492899,0.1703095991706507,0.1776011546779377,0.1659444345749213,0.1215722835805418,0.66913032218865,0.7987747203650374,ctx-rh-lingual
9,2015,0.1870760162343989,0.1590463670561893,0.166289922688614,0.1315694733846233,0.0671283434991736,0.6641883506914956,0.7934805087022483,ctx-rh-middletemporal
9,2019,0.1610153893826769,0.1494730444192558,0.1476094685560427,0.1781247539549692,0.1490054953501175,0.65840670507316,0.78728651729801,ctx-rh-parsorbitalis
9,2020,0.1715101517001878,0.1413960663759622,0.1348640851857649,0.1847898292916,0.1345036064971428,0.6599835392484675,0.7889770310093113,ctx-rh-parstriangularis
9,2022,0.1590009750847525,0.141076841194385,0.1385306131764107,0.1809981611709398,0.1426955809490159,0.6622450583364652,0.7914002218239335,ctx-rh-postcentral
9,2024,0.1505488950491538,0.1437343085278627,0.1468269018550653,0.2011697616950858,0.1129731443533624,0.6640336724488449,0.7933166422151822,ctx-rh-precentral
9,2027,0.1612836015284761,0.144095681385348,0.1361933090052133,0.1840308994391423,0.144429195651074,0.6603402153684301,0.7893593468611714,ctx-rh-rostralmiddlefrontal
9,2029,0.160860241405066,0.1373587432500239,0.1297692091250803,0.1893156859587716,0.1484108466343649,0.6657325663596192,0.7951368921996442,ctx-rh-superiorparietal
9,2030,0.1562866323294999,0.1471931110130588,0.1466846057818549,0.192390868122307,0.0948578405173391,0.6623099977552949,0.7914702614330946,ctx-rh-superiortemporal
9,2031,0.1447032161370786,0.1458313640967743,0.1698717075233417,0.1943063635151382,0.1225142138439949,0.6709634113404928,0.8007290730414238,ctx-rh-supramarginal
10,1001,0.1757601501826403,0.1725822330860456,0.159742021231423,0.1585888340685485,0.1224309605442184,0.6653388453926627,0.7947143572934949,ctx-lh-bankssts
10,1005,0.1665610207580261,0.1630444833299459,0.1669071490525246,0.1622959887869384,0.1369208744362536,0.6625537741118157,0.7917316702026224,ctx-lh-cuneus
10,1007,0.1657935015143198,0.1685904016957606,0.1632772278452761,0.1590697035379456,0.1372776844620039,0.6642848458508555,0.7935855091812081,ctx-lh-fusiform
10,1008,0.170848075076428,0.1716844149261429,0.1627981490210851,0.1568058580280368,0.1262840434563396,0.6679444223018566,0.7975018932444015,ctx-lh-inferiorparietal
10,1009,0.1784674324734979,0.1721216808792827,0.1618373577630489,0.1549106438366302,0.1187815394928727,0.6642643271860127,0.7935634779264955,ctx-lh-inferiortemporal
10,1011,0.161191961426888,0.1601605080991981,0.1651675389625947,0.164353393713828,0.1430032888252678,0.6649629297449805,0.7943124666498543,ctx-lh-lateraloccipital
10,1013,0.1618014634369567,0.1603013476743615,0.1710272536246548,0.1640812390441524,0.1378789963575516,0.66492939837463,0.7942764200791543,ctx-lh-lingual
10,1015,0.1745231523667869,0.1708691864173988,0.1636509541383924,0.1592010322693168,0.1214053805108385,0.665784783049324,0.7951926996306194,ctx-lh-middletemporal
10,1021,0.17507282448413,0.1631769894022897,0.1679838827124759,0.1597136887537271,0.129353739042449,0.6662894649916893,0.7957332472020255,ctx-lh-pericalcarine
10,1022,0.181664207701605,0.1722070322837992,0.151860050202204,0.1656861112975413,0.1179657408961093,0.6756397022308788,0.8057268565779618,ctx-lh-postcentral
10,1025,0.1599979181788106,0.1544818437344315,0.1686989486310015,0.1681107911523958,0.1411143416643767,0.6644726605583134,0.7937872972568368,ctx-lh-precuneus
10,1029,0.1760195921604185,0.1713876182051868,0.1746010864144464,0.1528763971270463,0.0996938274838749,0.6676489410483153,0.797185374710052,ctx-lh-superiorparietal
10,1030,0.1775047977019829,0.176504568602808,0.1590893169969854,0.1568162920781269,0.1144172697114039,0.667213992274287,0.7967224810450958,ctx-lh-superiortemporal
10,1031,0.176503238206561,0.1845862674447769,0.1531167463738009,0.1595882233279072,0.1033575065565131,0.6778960563820321,0.8081461046008547,ctx-lh-supramarginal
14,53,0.2023812721706365,0.1725069184937124,0.1503224236217948,0.1472430248941439,0.1109526663243735,0.6900473942399283,0.821125399567296,Right-Hippocampus
14,54,0.2015932607428355,0.1822887264230226,0.1616080084547311,0.1454798468233024,0.0922271115084611,0.6928611015203291,0.8241273821754159,Right-Amygdala
14,2001,0.2120563869740766,0.1882919201879465,0.1457268179463495,0.136926012551988,0.0810143555301497,0.6713738761925291,0.8011756967426571,ctx-rh-bankssts
14,2003,0.1682599113315007,0.1673422759100075,0.1478826274811751,0.1660319474686672,0.1363410463939401,0.6618871861247339,0.7910171962506654,ctx-rh-caudalmiddlefrontal
14,2009,0.2039688268050156,0.1909673763694011,0.1456331479329201,0.1380093544000447,0.0990779326349048,0.6869058905321461,0.817773987139766,ctx-rh-inferiortemporal
14,2011,0.1804321697813952,0.1845536070118375,0.1618422453792135,0.1485760327452403,0.1112627685917581,0.6692987587458434,0.7989536963966555,ctx-rh-lateraloccipital
14,2012,0.2437010568099313,0.1847184836030226,0.1250069553984873,0.1172315140904643,0.0698600281260343,0.6660870918724198,0.7955161763247466,ctx-rh-lateralorbitofrontal
14,2014,0.3148007793482958,0.1842586005321397,0.080657836567867,0.0577565319495242,0.0250955337084155,0.6619297217298781,0.7910629568224588,ctx-rh-medialorbitofrontal
14,2015,0.1956159116092527,0.1824490328493953,0.14680356313825,0.1467977018096254,0.1083452741496091,0.6754044865005623,0.805472851105759,ctx-rh-middletemporal
14,2018,0.196946496145071,0.1735660795035533,0.1396495136493824,0.1512635044054985,0.1126355704543484,0.6653425205083913,0.7947167517201231,ctx-rh-parsopercularis
14,2019,0.2398381984709905,0.1813782641899426,0.1197117143863721,0.1265409465221266,0.0824038815776702,0.6714218576364303,0.8012267976479626,ctx-rh-parsorbitalis
14,2020,0.1937318076674265,0.1705401818371192,0.1448233600861267,0.1531601228511349,0.1185223100277624,0.6645700191852824,0.7938910009608868,ctx-rh-parstriangularis
14,2022,0.1743990721352248,0.1812480676889698,0.1600129194808106,0.1574332052837282,0.1074003788920621,0.6649580259611164,0.7943068685053666,ctx-rh-postcentral
14,2024,0.1748515550233509,0.1841378261561284,0.1455239917181768,0.1557345401632132,0.1078790389810556,0.6623329907564691,0.7914946257381879,ctx-rh-precentral
14,2027,0.2048901698459058,0.1740801253740466,0.1407068115177576,0.1466373844462207,0.1015672191816385,0.6660812579892993,0.7955085080971253,ctx-rh-rostralmiddlefrontal
14,2028,0.1671674515702981,0.1667586541828955,0.1503056020076322,0.1687062455457599,0.1317590063547774,0.6608662220478537,0.789923160115702,ctx-rh-superiorfrontal
14,2030,0.2197597978990199,0.1780648127524672,0.1370371406474787,0.1381884953213044,0.0895872753626873,0.6759756793967574,0.8060914451191625,ctx-rh-superiortemporal
14,2031,0.1947875510990976,0.1844458757570218,0.1444120847493941,0.1494647975953323,0.1029553520812456,0.6629213198997937,0.7921250202490013,ctx-rh-supramarginal
15,17,0.204654406732042,0.1671089682304808,0.1490794864094368,0.1406096439072759,0.1195901792839923,0.6658538307299939,0.7952666553673747,Left-Hippocampus
15,53,0.2139961035798075,0.1705793766577683,0.1434142766402434,0.1394146547718125,0.1012944648844779,0.6668149977006931,0.7962944857225556,Right-Hippocampus
15,1007,0.1914196714179991,0.1722130982945032,0.1627747586654452,0.1526896330733975,0.1089194044646094,0.6664610411749333,0.7959166545467613,ctx-lh-fusiform
15,1009,0.2127258933011887,0.1712970014572755,0.1557135482005394,0.1471204112201139,0.0833607888146217,0.6759666339175308,0.8060844873216401,ctx-lh-inferiortemporal
15,1011,0.1651041521768517,0.163264671759292,0.1682687330777554,0.16651222048058,0.1349515287701357,0.6682707807287742,0.7978546250283254,ctx-lh-lateraloccipital
15,1013,0.158277392799262,0.1593223973848707,0.1813486120576734,0.1724873546329637,0.1233659236055904,0.6688223489298054,0.7984450696768355,ctx-lh-lingual
15,1020,0.1697646021009628,0.1592210101427619,0.1479220039503435,0.166640724910963,0.1476052144309687,0.6615531507481804,0.7906593845951356,ctx-lh-parstriangularis
15,1022,0.1569715015362246,0.1558186602162311,0.1592715827961842,0.1757378258421897,0.1449824462654213,0.6664549907934881,0.7959085344447824,ctx-lh-postcentral
15,1024,0.1495473644908038,0.1490030483151699,0.1429555480176958,0.1885449348379719,0.1562224887457726,0.6671299199609435,0.7966327925487781,ctx-lh-precentral
15,1027,0.1936305277380869,0.1599486005874073,0.1305387563002028,0.1560509000536662,0.1442214293239829,0.6636587749106813,0.7929155831265534,ctx-lh-rostralmiddlefrontal
15,1030,0.1766802882572037,0.1578895860034431,0.1627953770166305,0.1631373800892965,0.1240826959674374,0.6633792499383595,0.7926161165805391,ctx-lh-superiortemporal
15,1031,0.1580020650056367,0.1669752349068239,0.1718501685997402,0.1705719731964317,0.1279784335700773,0.6796090459853895,0.8099813002577051,ctx-lh-supramarginal
15,1033,0.2035780198399187,0.1716440974663401,0.1547532494306055,0.1491468012647948,0.1019002189095589,0.6770781913182744,0.8072763676895909,ctx-lh-temporalpole
15,2007,0.1755318789104614,0.1660880773004425,0.1616214720372711,0.1637137746316928,0.1289466050545792,0.6672038156593126,0.7967120257160583,ctx-rh-fusiform
15,2009,0.2171722593208883,0.169359562260849,0.1507838598122287,0.1410260264225597,0.0960326593311709,0.6782975565971383,0.8085735555057192,ctx-rh-inferiortemporal
15,2015,0.268961795103698,0.1781242438985496,0.1199050802074939,0.0957194615568918,0.0662859915106293,0.6796306491068337,0.8100043846290073,ctx-rh-middletemporal
15,2020,0.1731836177952995,0.1665979827934764,0.1524316468475653,0.1666178029540153,0.1335024734212172,0.6657331884669777,0.7951375185085439,ctx-rh-parstriangularis
15,2022,0.1496241555483992,0.1509569834610549,0.1621360068264144,0.1887070216122026,0.1376263350973357,0.672284755889185,0.8021450226022312,ctx-rh-postcentral
15,2027,0.1993057029425822,0.1573138986405552,0.1383363406717189,0.155852787907315,0.1299685064996046,0.667224370839356,0.7967339955986074,ctx-rh-rostralmiddlefrontal
15,2031,0.1578829434465306,0.1685980401749599,0.1665747274948478,0.1733246144403306,0.1298942208315025,0.6772974589654577,0.8075079854753939,ctx-rh-supramarginal
15,2033,0.2098722840027963,0.1677906347394844,0.1419977089607206,0.1493979531118013,0.1067732764970294,0.6652844640728395,0.7946569783576827,ctx-rh-temporalpole
17,17,0.1940787078889456,0.1851642287451731,0.1456830929380628,0.1287145162169543,0.1128469431766161,0.6622700852093668,0.7914276873152688,Left-Hippocampus
17,53,0.1969856973815438,0.1841198246542329,0.1522117116287968,0.1366844203160889,0.1075772202014993,0.6649012284515469,0.7942454721831786,Right-Hippocampus
17,1006,0.1863737433471308,0.1967721445851432,0.1554144174371969,0.1430148364385547,0.0958980171129967,0.6665334998114119,0.7959945978098627,ctx-lh-entorhinal
17,1007,0.1769814021113841,0.1842768966321381,0.1671314508097678,0.1568697358927139,0.1058633200779481,0.668113371075381,0.7976850662245788,ctx-lh-fusiform
17,1009,0.1738007113133543,0.176978045391214,0.1645079632918074,0.1666900764809398,0.1169983299442536,0.6666831015701004,0.7961547856707344,ctx-lh-inferiortemporal
17,1015,0.1724203539709761,0.1844618726556644,0.1616038959952521,0.1524153794621719,0.1165596398705995,0.6627504983942066,0.7919424590260921,ctx-lh-middletemporal
17,1016,0.1838266590773769,0.1877853110329105,0.1585261396998718,0.1528299750667064,0.1050172293166514,0.6638196376919275,0.793087915777472,ctx-lh-parahippocampal
17,1022,0.1556955968898944,0.1671642264788956,0.1721717047360146,0.1694063852304282,0.1225426108572734,0.6703407794505101,0.8000686456380717,ctx-lh-postcentral
17,1030,0.1716752922505807,0.1870243908115738,0.1654008531945912,0.1560529424197923,0.1105320476752277,0.6641943547466498,0.7934888155515023,ctx-lh-superiortemporal
17,1031,0.1648983640802765,0.179964480889147,0.1672476681932543,0.1559357960649271,0.1205151735334654,0.6624846943142774,0.7916576156864665,ctx-lh-supramarginal
17,2007,0.1916733404075455,0.1886666235669657,0.1565512731472997,0.1448301785198486,0.0923322601173874,0.6653442670875516,0.794720477259294,ctx-rh-fusiform
17,2009,0.1970925206036462,0.1821406130137008,0.153791287936942,0.1439813161088153,0.0997823795844907,0.6666493894288936,0.7961185076753166,ctx-rh-inferiortemporal
17,2016,0.1813546947807814,0.183961467492544,0.1601255724455063,0.1471917510042987,0.1130387364053996,0.6629448842291411,0.7921498033458683,ctx-rh-parahippocampal
17,2018,0.1560126002700684,0.1853237183051388,0.1653281184746124,0.1550612336966488,0.1212350310578167,0.6624366231617614,0.7916061400094283,ctx-rh-parsopercularis
17,2027,0.1587409262211468,0.1820509638280131,0.1604706604301944,0.1546228770312451,0.1277750885007417,0.6627525136881857,0.7919446183655148,ctx-rh-rostralmiddlefrontal
18,17,0.2142863273675115,0.1747209607149823,0.1342630238742044,0.1374045034079939,0.1179412679844888,0.6626513532018862,0.7918362249593365,Left-Hippocampus
18,18,0.1965437733689834,0.1722767046124961,0.1436629422719074,0.1409744499582892,0.1274373502778406,0.6653588712108115,0.7947364295284229,Left-Amygdala
18,53,0.1969562301636348,0.1555292990396252,0.151901439452416,0.1475690071518829,0.1270953309966013,0.6621439293251368,0.7912920588135924,Right-Hippocampus
18,1003,0.1605199960226488,0.1578495206956774,0.145738793387875,0.174073190144243,0.1531359313676424,0.6608484915463988,0.7899041842174962,ctx-lh-caudalmiddlefrontal
18,1006,0.1721058650047068,0.1614277311625923,0.1484170245930094,0.1697512391922745,0.1448453842055069,0.6631671296967943,0.7923888543024683,ctx-lh-entorhinal
18,1007,0.1789001120964173,0.1800060707408685,0.1416502081307979,0.1539947840540343,0.1297463142852137,0.6605631273173509,0.7895981168501134,ctx-lh-fusiform
18,1008,0.1715967678747909,0.1563553453865223,0.1537467674233889,0.1707160571146585,0.1405554673130818,0.6622683298692216,0.7914258063607909,ctx-lh-inferiorparietal
18,1009,0.1684885857828711,0.1667694596581052,0.1589261841471951,0.1661074779727566,0.1298687953542377,0.6618039647090935,0.7909280393032411,ctx-lh-inferiortemporal
18,1012,0.1672316189366844,0.1604379515023018,0.1532016534596062,0.1637310556793233,0.1501164780633765,0.6592114000990323,0.7881492706952482,ctx-lh-lateralorbitofrontal
18,1014,0.167808735113707,0.1611410757121941,0.1551220236929334,0.1609151703670641,0.1462619169420138,0.6593428136957223,0.7882901784827689,ctx-lh-medialorbitofrontal
18,1015,0.1766194327564473,0.1655791425089672,0.1566739588461207,0.1652381708237437,0.119249367891907,0.6627597992654389,0.7919520253439626,ctx-lh-middletemporal
18,1018,0.1593605098842767,0.1585513661232575,0.1486688443704865,0.173023847641355,0.1550279749893565,0.6597179607356678,0.7886922772744831,ctx-lh-parsopercularis
18,1019,0.1703017390669375,0.1612513513023599,0.1394157112852113,0.1636268322628148,0.1522534502386955,0.6602245028029236,0.7892353475786433,ctx-lh-parsorbitalis
18,1020,0.159295292180855,0.1560437403523124,0.1469856961991304,0.1744678381247779,0.152277403351163,0.6600334138665006,0.7890304752576727,ctx-lh-parstriangularis
18,1022,0.1654587834607606,0.1602125460700326,0.1483291381519022,0.1657405042888851,0.1534148049956588,0.6596914221869725,0.7886637369607619,ctx-lh-postcentral
18,1024,0.1652775201753647,0.1621514987663841,0.1467119489618297,0.1662955523878731,0.1520923078042334,0.6605310471027321,0.7895636164867857,ctx-lh-precentral
18,1027,0.1595292064255405,0.1567183631400981,0.1500883193415841,0.1711663593055909,0.1534466279483813,0.6600287914351805,0.7890254874616038,ctx-lh-rostralmiddlefrontal
18,1029,0.1577265122631592,0.1558409876412883,0.1639227478055699,0.1685743321985873,0.1509757020592396,0.6601232340102832,0.7891267974325845,ctx-lh-superiorparietal
18,1030,0.1631015616532318,0.1588306789477212,0.1501127069524859,0.1723111155966234,0.139899442094715,0.6607277787377421,0.7897744388460245,ctx-lh-superiortemporal
18,1031,0.1597348832632911,0.1604171830265426,0.1468647145336765,0.175243110462791,0.1442980801874706,0.6608536577458579,0.7899097214126534,ctx-lh-supramarginal
18,1032,0.1675705808261043,0.1642044306191096,0.1487442798624254,0.1688937973123685,0.139980521269809,0.6598237197122967,0.7888057277407616,ctx-lh-frontalpole
18,2006,0.2031268099253674,0.1601179768796627,0.1424884750326518,0.1546847971481182,0.1212597495126509,0.6592411273495167,0.7881811617961212,ctx-rh-entorhinal
18,2007,0.2150598085606099,0.1644380883128472,0.1346146327847772,0.1456023055753181,0.1110765684056074,0.6596520405486695,0.7886216860134508,ctx-rh-fusiform
18,2009,0.1875003014942378,0.1632703212985185,0.1463387128384693,0.1593316808363503,0.1234031343119571,0.6603287465313568,0.7893469683560623,ctx-rh-inferiortemporal
18,2014,0.1676290380128131,0.1667646273427747,0.1550551422118713,0.1582128519112444,0.1473878649198082,0.660544815832041,0.7895786925953543,ctx-rh-medialorbitofrontal
19,17,0.2165783004640474,0.1635088799810583,0.1280314820477096,0.13590400080998,0.1112177440868201,0.6606583693720453,0.789700275633012,Left-Hippocampus
19,53,0.2102033888192,0.1605166082437708,0.1331341112359471,0.1445559362381753,0.1225241434289792,0.6688537336007659,0.7984776232594162,Right-Hippocampus
19,1006,0.2149563174725047,0.15629928391265,0.1288422788266082,0.150179082998349,0.1124316547395066,0.6614327870377712,0.790530409232469,ctx-lh-entorhinal
19,1007,0.1977274358336073,0.1647569045792135,0.1513369031790222,0.1503701860390707,0.1140199271728705,0.6640014094404814,0.7932809069883456,ctx-lh-fusiform
19,1014,0.1979991048404149,0.1679514963839441,0.1408734230653072,0.1512864550162397,0.1229026749714596,0.6610397930746944,0.7901092203578738,ctx-lh-medialorbitofrontal
19,2001,0.1894166227925117,0.1641843461133271,0.1491422626477718,0.1551290879475924,0.129595827309956,0.6625139636786151,0.7916889532895874,ctx-rh-bankssts
19,2007,0.1850758631941911,0.1669722286418611,0.1545091925810542,0.1556959650893829,0.1265323487959855,0.6655353488817437,0.7949251244009005,ctx-rh-fusiform
19,2008,0.1755361409867329,0.1709725266076643,0.1617021501482221,0.1600931705387467,0.1243998506286054,0.6654186107960198,0.7948005065759736,ctx-rh-inferiorparietal
19,2009,0.2137382217807256,0.1687751444239573,0.1407804948255304,0.140620324091065,0.1127414157863482,0.6725396979593128,0.8024227834151807,ctx-rh-inferiortemporal
19,2012,0.2109672197895058,0.1678389819907773,0.1374148646025642,0.149021348978674,0.114759903492557,0.6730558664016086,0.802975136938911,ctx-rh-lateralorbitofrontal
19,2014,0.2060607220804186,0.1663206402006567,0.1365545917129685,0.1459793834967821,0.1234702774279311,0.6644443484561189,0.7937571266596265,ctx-rh-medialorbitofrontal
19,2015,0.2047285589493842,0.17161569878284,0.1533746409132458,0.1451783253579209,0.1051446366306285,0.6692000287320099,0.7988478094945624,ctx-rh-middletemporal
19,2016,0.2105635132668892,0.1731033492166774,0.1424269510386317,0.1412218491405468,0.1088950101810413,0.6688216601129917,0.7984443323575698,ctx-rh-parahippocampal
19,2018,0.1772849087874485,0.1665717886913418,0.1519013846802874,0.1645816112177334,0.1321427759874044,0.6671327508655727,0.7966362520094209,ctx-rh-parsopercularis
19,2020,0.1943155445096357,0.1654231129358931,0.1468646243872154,0.1566646428606942,0.1256352260246137,0.6726602751327978,0.8025494943695021,ctx-rh-parstriangularis
19,2022,0.1647598369611527,0.1675425303274075,0.1661332997338365,0.1589247882055738,0.1331635522615326,0.6666369793539051,0.7961034707453244,ctx-rh-postcentral
19,2024,0.1678623778655138,0.1635114032735968,0.153332764258661,0.1667569585004155,0.1417208199088362,0.663770467722481,0.7930346548539139,ctx-rh-precentral
19,2027,0.1965140114965779,0.1665992334586004,0.1367836755612709,0.1597878131955562,0.1202443372332856,0.6707379582828222,0.8004920770008283,ctx-rh-rostralmiddlefrontal
19,2029,0.1640296640797042,0.1710965590028409,0.1777439334828272,0.1680048764800407,0.0988846005771543,0.6726628911969336,0.802552230621282,ctx-rh-superiorparietal
19,2030,0.2022749705147347,0.1640598048643007,0.1485358998692868,0.1499709268952734,0.1159729294976233,0.6670222982076225,0.7965168318999624,ctx-rh-superiortemporal
19,2031,0.1699371492989001,0.1740739150088744,0.1699200820630322,0.1585155393299661,0.1186313352010184,0.6698668102429916,0.7995620716504824,ctx-rh-supramarginal
20,17,0.2228278739961557,0.187387609981102,0.1466384811393489,0.121242734848012,0.0834657738914819,0.6640206259456238,0.7933032285408569,Left-Hippocampus
20,53,0.1987723930286185,0.1672589356464854,0.158185200660038,0.1512419931504559,0.1152642146994287,0.6774795485232188,0.80770468327351,Right-Hippocampus
20,1007,0.1965948889694295,0.185096858044802,0.1636210807883613,0.1437281391255874,0.0936382694225452,0.67269300569496,0.8025861653799498,ctx-lh-fusiform
20,1009,0.2205461912904243,0.1979668141030163,0.148241805578615,0.1222476725845431,0.0723766307442019,0.6715509090276158,0.8013633091516887,ctx-lh-inferiortemporal
20,1014,0.2044502084053465,0.1786852780642447,0.1448553470502131,0.1391640051566311,0.1171397282325282,0.6645696324724122,0.7938913267999065,ctx-lh-medialorbitofrontal
20,2003,0.1665984824888181,0.161983816686149,0.1659517015347806,0.168500524512884,0.1320410880001761,0.6655914889780786,0.7949855509857964,ctx-rh-caudalmiddlefrontal
20,2008,0.1908886601157186,0.1853213511406877,0.1563525768603266,0.144824065529263,0.106747749113272,0.6729602754486196,0.8028703135466259,ctx-rh-inferiorparietal
20,2009,0.2114076286786791,0.1759099203720195,0.1433095424922573,0.1304452632438196,0.1196033506422048,0.666268434938516,0.7957101506940623,ctx-rh-inferiortemporal
20,2011,0.1797280225291636,0.1715711098266339,0.1584529834025159,0.1535735939479522,0.1338477533854361,0.666871252337267,0.7963558912374333,ctx-rh-lateraloccipital
20,2012,0.220978054762185,0.1691585088053076,0.1334354149890328,0.1354653877579417,0.113225148023113,0.6635241616584863,0.7927709705192467,ctx-rh-lateralorbitofrontal
20,2014,0.2143025149116245,0.1798045531259096,0.1396988668781813,0.1315012292010333,0.1119588842607903,0.6654315470577774,0.794814506893562,ctx-rh-medialorbitofrontal
20,2015,0.20162526305094,0.179681571926967,0.1512172136547472,0.1393661250196914,0.1141533864873007,0.6693305792840167,0.7989872929055893,ctx-rh-middletemporal
20,2022,0.1734470675565502,0.1780361878309163,0.1587398939051395,0.159383266681066,0.1180249423208219,0.6707247106065691,0.8004789220715167,ctx-rh-postcentral
20,2024,0.1651598877002925,0.1770127127727461,0.1609499260678046,0.1672130423988266,0.1219674846048827,0.6689018099387521,0.798529395470686,ctx-rh-precentral
20,2027,0.2045042669459653,0.172126872292456,0.1403734032129156,0.1450519244346276,0.1206770156456271,0.6703486951940343,0.8000782631309735,ctx-rh-rostralmiddlefrontal
20,2029,0.1972104901003307,0.1852131116769571,0.1658935851890229,0.1410782015916385,0.0826138102404075,0.669918670655198,0.7996171720291703,ctx-rh-superiorparietal
20,2030,0.1958950997628842,0.1731597145671732,0.1458748197491358,0.1463522776885664,0.1259476176356672,0.6637449792220306,0.793007178201888,ctx-rh-superiortemporal
20,2031,0.1899573726983792,0.1819790404167461,0.1564305724025196,0.1490405299237835,0.1041132256844013,0.6687496029150823,0.7983663478724508,ctx-rh-supramarginal
23,53,0.2371380956561742,0.179115622082322,0.1307900758970163,0.1148762097378972,0.0730976856123788,0.6712837162145362,0.8010761094179619,Right-Hippocampus
23,1027,0.2523565114397157,0.202189009542925,0.1042752082929641,0.0902684141917941,0.0416800736261498,0.6629106436902179,0.7921137248369723,ctx-lh-rostralmiddlefrontal
23,2003,0.1627448968918057,0.2093020451125419,0.1553113155609772,0.1231045081578893,0.0659080343453555,0.6625314808328414,0.7917077826646335,ctx-rh-caudalmiddlefrontal
23,2006,0.2066529139051192,0.1956831703588206,0.143629992219378,0.1300984247605225,0.0814615599298628,0.6653081148683246,0.7946821286217153,ctx-rh-entorhinal
23,2012,0.217322146389829,0.1868947974377155,0.1549989072952592,0.1336127875993293,0.078383721955594,0.6714472406833902,0.8012530071518884,ctx-rh-lateralorbitofrontal
23,2018,0.1674304815537905,0.1745554266052602,0.1880168510564913,0.1596817718899474,0.0911125814690424,0.6644932346839267,0.7938094625630207,ctx-rh-parsopercularis
23,2019,0.2529316689988918,0.1917257270602643,0.1447972228445147,0.1019074120611099,0.0402167501394856,0.6699512038411777,0.7996531699880309,ctx-rh-parsorbitalis
23,2020,0.2407260719886245,0.2063082046273764,0.1482320841451796,0.0984135690131878,0.03632130181721,0.664050116982802,0.7933348208181291,ctx-rh-parstriangularis
23,2024,0.1869516596686747,0.2050174604050425,0.143183701372982,0.126959250358909,0.0862075931372079,0.6626961505237255,0.7918842263092636,ctx-rh-precentral
23,2027,0.2886002331735915,0.1932776686098502,0.1173837923283716,0.0745903717592513,0.025907945095833,0.6666542861934595,0.7961223671595962,ctx-rh-rostralmiddlefrontal
24,17,0.1995213279036312,0.1969349881938738,0.1551337124205127,0.1433859446516097,0.0546352209983616,0.6639269149982796,0.7932028187833473,Left-Hippocampus
24,1009,0.2297221865264479,0.1955628545171908,0.1420131750106218,0.1296934449296164,0.0576090472711485,0.6627149131217279,0.7919043301375548,ctx-lh-inferiortemporal
24,1024,0.1749320154661003,0.1635999566671551,0.1585710722460015,0.1816549130955088,0.1080786808605942,0.6641336246282439,0.7934240036642102,ctx-lh-precentral
24,1027,0.228847641930329,0.1751221718521418,0.1439175712295172,0.13514329995167,0.0818200997387074,0.6645290607232722,0.7938465127047019,ctx-lh-rostralmiddlefrontal
24,1030,0.2068072078728297,0.1664098814386357,0.1663759574626216,0.1653100895293706,0.0563297923126143,0.6794352110411488,0.8097932156683707,ctx-lh-superiortemporal
25,53,0.2471310991774487,0.180716789250674,0.128112143618929,0.1128354185156167,0.0733993149333679,0.667484213624774,0.7970116929107389,Right-Hippocampus
25,2001,0.2471235406439392,0.1706888232425763,0.1218023632303739,0.1171159256743648,0.0926778776295377,0.6662286341778598,0.7956681357560718,ctx-rh-bankssts
25,2003,0.1738385432722752,0.1591847653137671,0.1552129716307347,0.1640691204449868,0.1418418330553217,0.6633458413723511,0.792580192770212,ctx-rh-caudalmiddlefrontal
25,2006,0.2110543164463966,0.17385315166608,0.144841255173671,0.1381343112411596,0.1125285738170765,0.667019143077308,0.7965146101193228,ctx-rh-entorhinal
25,2007,0.2133324340149181,0.1752917958174695,0.1457718380927022,0.1348766346940374,0.1075424874262381,0.6698293071499762,0.7995177387559215,ctx-rh-fusiform
25,2008,0.2291062987169972,0.1703312711944435,0.1338360768274604,0.13060589052728,0.0897715173278091,0.6685886401948001,0.7981943547583374,ctx-rh-inferiorparietal
25,2009,0.2261546937450557,0.1743959440422076,0.1417038805179254,0.1284080062296893,0.0963735725467246,0.6744320868318008,0.8044429084509912,ctx-rh-inferiortemporal
25,2011,0.1970378950868676,0.1733670580812855,0.1489844498198343,0.1429507160630556,0.1116190876394878,0.6641792995777385,0.7934725838992873,ctx-rh-lateraloccipital
25,2013,0.1626396108688141,0.1684841671421184,0.1646350260691062,0.1673697146179455,0.1350633688862674,0.6653294323104543,0.7947051405552384,ctx-rh-lingual
25,2015,0.2307519287892159,0.1749653860710092,0.1374522170760746,0.1271545137755815,0.0914862054478403,0.6714574194505961,0.8012631873025535,ctx-rh-middletemporal
25,2020,0.1878750704608652,0.1654956815738147,0.1497866303841857,0.153905030258336,0.1348983272864551,0.6609689073467575,0.7900330429393755,ctx-rh-parstriangularis
25,2022,0.1989790718572386,0.1539297317576729,0.1526284728659509,0.1612684196535512,0.1081853477686573,0.667489265013236,0.7970157490286041,ctx-rh-postcentral
25,2024,0.1765563436827268,0.1543920145737814,0.1543411232027081,0.1728598794267979,0.1284400383377397,0.6664030187087278,0.7958509983412605,ctx-rh-precentral
25,2027,0.178310084830617,0.1663018137877774,0.1440220131828196,0.1599121303733828,0.1420848461788098,0.6612729408187574,0.7903590529782544,ctx-rh-rostralmiddlefrontal
25,2029,0.1663037756059186,0.1652163705486443,0.1614708011515324,0.1618048104947039,0.1393901994053881,0.6617561037240709,0.7908769014197329,ctx-rh-superiorparietal
25,2030,0.2349653955846136,0.1640205098724214,0.1264067994394457,0.1329454887915716,0.1001264338750607,0.6708845629505781,0.8006489807339409,ctx-rh-superiortemporal
25,2031,0.235343131438879,0.1644335876262111,0.1326137082769059,0.1304003176816869,0.0932141542026242,0.6662002022103938,0.7956366825165232,ctx-rh-supramarginal
26,17,0.2010396406657672,0.1677387785980899,0.1516689186453431,0.151665620635811,0.1142708404969306,0.6732907796994716,0.8032259233407598,Left-Hippocampus
26,18,0.2275659756910661,0.1816097364945044,0.1351133391707405,0.1397977790034273,0.0662327109642186,0.6705325414036996,0.8002754303842524,Left-Amygdala
26,53,0.203113710747963,0.1824766042328793,0.1510405779853268,0.1388301419793964,0.1083026878516175,0.6673833629186021,0.7969045788603423,Right-Hippocampus
26,1005,0.2315866016427658,0.1816708561389168,0.1384774630534338,0.1227365402035335,0.0877959511351056,0.6670602631334396,0.7965586383584565,ctx-lh-cuneus
26,1007,0.2201125372271151,0.1767637538070766,0.1451257764460806,0.1325470961147607,0.0907127540039353,0.6670998744703707,0.7966004593474393,ctx-lh-fusiform
26,1008,0.2298413743414527,0.1735156703706038,0.1371249503874612,0.1263845145840668,0.0967407116787456,0.6712456317556615,0.8010384579409361,ctx-lh-inferiorparietal
26,1009,0.2060865018638388,0.1770379090453851,0.1510970540753344,0.1399762496874874,0.1077966593819388,0.6670611213099545,0.7965590291400495,ctx-lh-inferiortemporal
26,1011,0.1843592156994646,0.1580089264016173,0.1577400947040071,0.1548744145013153,0.1417450772825461,0.6643370886045319,0.7936422312255934,ctx-lh-lateraloccipital
26,1012,0.1867715895809442,0.1712645120971399,0.1582309833779396,0.1509970768453971,0.1260224332219549,0.6705585315356194,0.8003032428326587,ctx-lh-lateralorbitofrontal
26,1014,0.2146967964867932,0.1913066467453065,0.1479726766890606,0.1314327427813393,0.0860458628201154,0.6729960573931636,0.8029111599266167,ctx-lh-medialorbitofrontal
26,1015,0.2173254763071622,0.1780367077210664,0.1451313824667768,0.1350842074251314,0.0983337041744302,0.6678189323580841,0.7973700998369366,ctx-lh-middletemporal
26,1018,0.1792208673741268,0.1723467184583345,0.1652120721639678,0.1575841413350124,0.1192591880863192,0.6631289196964144,0.7923473333148772,ctx-lh-parsopercularis
26,1020,0.1924226549285149,0.182876803874628,0.1577281314786036,0.1465976376390158,0.1101456856891898,0.6636773347556465,0.7929353757446909,ctx-lh-parstriangularis
26,1022,0.1902624710222981,0.1792236562375042,0.1589112462293316,0.1464745206705956,0.112337550106195,0.6628747761166158,0.7920746783879161,ctx-lh-postcentral
26,1024,0.1868693582770461,0.1739724359408327,0.1623324424865347,0.1531479097619307,0.1149205762624185,0.6658674812480155,0.7952810487786826,ctx-lh-precentral
26,1027,0.1888378163539902,0.1767779441727365,0.1611671652649049,0.1516565751504876,0.1106102218366622,0.6635340142396823,0.7927819236112783,ctx-lh-rostralmiddlefrontal
26,1030,0.2105483647348763,0.1754793950510748,0.1490508361156166,0.139888831458469,0.1019625021089011,0.6675573894563498,0.7970897355121052,ctx-lh-superiortemporal
26,1031,0.1895891066819278,0.1802407162172696,0.1586639260101119,0.1489955003932651,0.111965285609153,0.6648507005822186,0.7941922370228753,ctx-lh-supramarginal
26,2007,0.1848788087109351,0.1573551550822229,0.1626636943175563,0.170085042608499,0.1112814594241933,0.6707035252082348,0.8004584006979176,ctx-rh-fusiform
26,2009,0.2144276126288985,0.1782959329955495,0.1382885898676039,0.1309621834159633,0.1078755440718313,0.670605114200972,0.8003505029519132,ctx-rh-inferiortemporal
26,2015,0.2405432185324659,0.1728062189370254,0.1288006798823514,0.1303441701030781,0.0783297141053865,0.6708352198474442,0.8005984269817259,ctx-rh-middletemporal
26,2016,0.2443880266368071,0.17476791884182,0.128971685105546,0.1173210784632356,0.0853057644221294,0.6821270121198134,0.8126706991782267,ctx-rh-parahippocampal
27,11,0.2749801867637441,0.1159700416084986,0.1207467906952177,0.0986262116247209,0.0701494761266998,0.662479181546787,0.791651742956131,Left-Caudate
27,17,0.1964656637364114,0.1660953292738357,0.153563354581207,0.1571442055784942,0.1072459904828974,0.678198227143622,0.8084156417664714,Left-Hippocampus
27,18,0.2046298839865622,0.1780566627246804,0.1566411651501381,0.1481910608469405,0.0790987582363701,0.6685795915064157,0.7981851377026772,Left-Amygdala
27,50,0.16134233106075,0.1358609648245002,0.2095798111658707,0.1877668969886241,0.0556020143044088,0.6641704801048102,0.7934637159613546,Right-Caudate
27,51,0.1526575186398539,0.1359387670084041,0.1744751698242178,0.2037963828351124,0.0763429818897085,0.6641796034173144,0.7934732774845252,Right-Putamen
27,52,0.1965268162221352,0.1402365952823514,0.1489561802396005,0.1738676434518549,0.0812034411324126,0.6616101215441439,0.7907204574539967,Right-Pallidum
27,53,0.1900578496624514,0.1652045992809774,0.1526732011808745,0.1506812498630945,0.1337381727458444,0.6723927554069892,0.8022655533207754,Right-Hippocampus
27,54,0.2202657221765794,0.1770254499523388,0.1524491515779445,0.1220948345229737,0.0875308754876682,0.6667424843256118,0.7962183099183817,Right-Amygdala
27,58,0.2055547378138622,0.128080645488709,0.1907425315468621,0.1426583480031903,0.0164757445756049,0.6640831453109332,0.7933702022373329,Right-Accumbens-area
27,1007,0.1885485625297233,0.184404814251079,0.1675720811523302,0.1526819346674326,0.090081774973876,0.6675271437686544,0.7970578229144012,ctx-lh-fusiform
27,1008,0.2072800246951557,0.1808012310054309,0.1806857557001759,0.1458636579486324,0.035890380512265,0.6613958506725091,0.7904908240731289,ctx-lh-inferiorparietal
27,1009,0.2130695940925319,0.1807601220713306,0.1612313161663816,0.1425700856150169,0.0556068858617918,0.6668797826835895,0.7963633679029348,ctx-lh-inferiortemporal
27,1014,0.212326872387515,0.184204832033633,0.1871160388745878,0.1265901606664062,0.0465062259117007,0.6667610391568276,0.7962382452711422,ctx-lh-medialorbitofrontal
27,1015,0.2391853744152824,0.2157112990761386,0.1363296892390061,0.0945051774639543,0.0142890010041035,0.6661481134071876,0.7955819082523368,ctx-lh-middletemporal
27,1026,0.2037801696262015,0.1627769874607052,0.1749090574700025,0.1401811852021216,0.0707892189080592,0.6697386958409159,0.7994224683523292,ctx-lh-rostralanteriorcingulate
27,1030,0.2376352475027844,0.2114750399755337,0.1445093578064483,0.1184299892986959,0.0233744442704746,0.6665776106023984,0.7960418320273284,ctx-lh-superiortemporal
27,1031,0.2400508638392991,0.1843634201076686,0.1755104134049039,0.1212635520760757,0.0258598509856464,0.663669885377241,0.7929274859401152,ctx-lh-supramarginal
27,2007,0.1950095129446932,0.1877632932441421,0.1671131899752365,0.1496908465942159,0.0730047418116455,0.6683908898494624,0.7979826837317281,ctx-rh-fusiform
27,2008,0.184070013228325,0.1748278816809253,0.1772538246945012,0.1614541045675466,0.0869268929966843,0.6713762725437715,0.8011768624895572,ctx-rh-inferiorparietal
27,2009,0.2177584344977753,0.1832791233305169,0.1612427860376556,0.1476143922091337,0.0556094525052174,0.6719866514246782,0.8018305660698098,ctx-rh-inferiortemporal
27,2011,0.2155179543204796,0.2051562668889464,0.1561352462479042,0.1286032282226203,0.0488600860165065,0.6689077516314322,0.7985355207198386,ctx-rh-lateraloccipital
27,2012,0.2257546759837946,0.1645908755331178,0.1995740276359776,0.0946801938466633,0.0149867601008189,0.6673692385132327,0.7968894563463383,ctx-rh-lateralorbitofrontal
27,2015,0.1990908490243361,0.1879157463966627,0.1681021381852057,0.1532610299590913,0.0555893266031326,0.6685384736618989,0.7981402678133314,ctx-rh-middletemporal
27,2016,0.1922748784824912,0.1778995019323094,0.1634066676477285,0.1614499818821668,0.0877293944458131,0.6644769767553237,0.7937920772918197,ctx-rh-parahippocampal
27,2020,0.1507047226403093,0.1324335872328371,0.2228064821167511,0.1796392040240366,0.0189048099304921,0.6630511527057686,0.7922645948868228,ctx-rh-parstriangularis
27,2031,0.1688381839415746,0.1920301723851555,0.1808013252099503,0.1625402975537664,0.0720696593988827,0.6674975325464978,0.7970268150701254,ctx-rh-supramarginal
30,58,0.2380614711481416,0.157818884028589,0.123381473235011,0.1184150184513511,0.037795119182308,0.6626038867726645,0.7917853662495506,Right-Accumbens-area
30,1007,0.1995139728046523,0.151813425927532,0.1407399753399956,0.1509042138885465,0.109806104526213,0.6621031265969548,0.7912485924591773,ctx-lh-fusiform
30,1009,0.1738102617425405,0.1573376351206766,0.1903497473646051,0.1701564225110254,0.0414459210436344,0.6711073999750631,0.8008903236130477,ctx-lh-inferiortemporal
30,1015,0.2013485444741975,0.1723847940373414,0.1659275288119241,0.1485134086058605,0.0835800955114485,0.6668260136233561,0.79630726213828,ctx-lh-middletemporal
30,1027,0.1753836862852238,0.1536975039657363,0.1451214571805356,0.177008446953087,0.1210381059414798,0.6616992074776752,0.7908157977571443,ctx-lh-rostralmiddlefrontal
30,1030,0.2081794450906992,0.1470402367647513,0.139611180545432,0.1523878894968331,0.1097933798775813,0.6586715460236868,0.7875704858846022,ctx-lh-superiortemporal
30,1035,0.2215218402608504,0.168911714031747,0.153437172586102,0.1277801363846407,0.0805493199332227,0.662501047293999,0.7916751567661577,ctx-lh-insula
30,2006,0.2325268007217854,0.1490738476553184,0.135388623809356,0.1378667176207722,0.0863297148761577,0.6606603878953377,0.7897025692237549,ctx-rh-entorhinal
30,2007,0.205490940343698,0.1591476715889508,0.1840208515737305,0.1293520641138659,0.0500913471060602,0.6704820218090748,0.8002174189951821,ctx-rh-fusiform
30,2009,0.1946692251387972,0.1798096914587208,0.1837704549213691,0.1464103807594949,0.0615602301080198,0.6816419822887949,0.8121510359723833,ctx-rh-inferiortemporal
30,2015,0.1938568405790553,0.1570361375462946,0.1763330650613804,0.151995194767702,0.0954717379774032,0.6728257933372883,0.8027282331131247,ctx-rh-middletemporal
30,2016,0.1945241607765958,0.1450830642702849,0.1457026584202835,0.1522439040056092,0.1237282366049518,0.6598178153174404,0.7887993982592344,ctx-rh-parahippocampal
30,2024,0.1687227888332244,0.1553612808579938,0.168371155441456,0.1791669735151271,0.1178797160746941,0.6673271215241037,0.7968439369657945,ctx-rh-precentral
30,2027,0.2473400425483236,0.166793819194668,0.1296899929529908,0.1242369420096703,0.074493012891958,0.6810947401138909,0.8115677734399535,ctx-rh-rostralmiddlefrontal
33,17,0.2080373036234747,0.1586426241511294,0.1229912816249721,0.1334296213248809,0.1441666808366119,0.6599375749317657,0.788927778750755,Left-Hippocampus
33,1007,0.2683855789843409,0.1410091561522121,0.066462984984407,0.0616722660091587,0.0617715690746157,0.6685872030494744,0.7981892562689028,ctx-lh-fusiform
33,1008,0.2569707813422878,0.1920843359722346,0.1203667390121381,0.0941647561795589,0.0362284688543123,0.6675616265252193,0.7970948785878043,ctx-lh-inferiorparietal
33,1009,0.2076050712505929,0.1623209565458045,0.1464998990062645,0.14693862331701,0.1084082322780341,0.6659135089416619,0.7953306702483268,ctx-lh-inferiortemporal
33,1015,0.2592409996855171,0.1987026410515913,0.1241477050774137,0.0951050805795807,0.0374142128863455,0.6641073815696488,0.7933961645886762,ctx-lh-middletemporal
33,1017,0.2101618119296697,0.2069174054823195,0.1598552883320726,0.124343390828834,0.0568783557667439,0.6637503973871485,0.793013718825494,ctx-lh-paracentral
33,1018,0.1968795436546582,0.1653305702899811,0.1442434109011389,0.1508316229248793,0.1243583768207079,0.661344790436831,0.7904361017896457,ctx-lh-parsopercularis
33,1020,0.190781340451482,0.1746978162821331,0.1560338642680465,0.1541468457506421,0.1106942650270696,0.6622641857900078,0.7914213657239354,ctx-lh-parstriangularis
33,1025,0.2209868674729788,0.1909360135278922,0.1351240703386814,0.1239616550498799,0.0891766912055741,0.6674143384965099,0.7969377432222926,ctx-lh-precuneus
33,1029,0.2493874714807936,0.1886273184613952,0.1295083190008258,0.1110966541591684,0.0621900333033336,0.6729238539296991,0.8028330917762811,ctx-lh-superiorparietal
33,1031,0.2736867840590629,0.1907240078055903,0.1154472554850282,0.0942790516285583,0.046100907056247,0.6674993730777489,0.7970287713611398,ctx-lh-supramarginal
33,2012,0.255996044607935,0.1719380632585002,0.1178964591515222,0.1166276586076947,0.0728341136664491,0.6666778051926371,0.7961491200013133,ctx-rh-lateralorbitofrontal
33,2018,0.1884203992095968,0.1609587610061937,0.1509459373541612,0.1670359457363154,0.1053419355783201,0.6627334526658357,0.7919241949061283,ctx-rh-parsopercularis
33,2027,0.1861825787877168,0.1641757638215923,0.1426991979433591,0.1632859606039644,0.1086291035700145,0.6618980513695332,0.7910290181037117,ctx-rh-rostralmiddlefrontal
33,2035,0.2204178265329694,0.1856808645144578,0.133202401346807,0.1324224310373666,0.0445620503621248,0.6625490598681318,0.7917265714375421,ctx-rh-insula
34,53,0.2016741103625721,0.1611737022836566,0.1422458825432023,0.1563640126397574,0.124684865866353,0.661439982860412,0.7905380609140048,Right-Hippocampus
34,1001,0.1899907307207003,0.1812072632698767,0.1650143452822137,0.1562219063133246,0.0911484403381853,0.6696762336818054,0.7993588449689533,ctx-lh-bankssts
34,1008,0.1816185949158584,0.1764320602907083,0.1685660372985525,0.1635394968795406,0.0921969895955942,0.6696702976548707,0.7993521192804729,ctx-lh-inferiorparietal
34,1015,0.2226195388187989,0.1791080646848241,0.1558752698313931,0.1347808097462962,0.0698154243413117,0.6754475076939208,0.805528778169593,ctx-lh-middletemporal
34,1024,0.153023498323579,0.1638712996190754,0.1460261932665456,0.1866848065475815,0.1309381393353051,0.6628457904824578,0.792044561441762,ctx-lh-precentral
34,1027,0.1772880714080683,0.1706940963143029,0.1486159522811036,0.1739130855829181,0.0979343755166897,0.6620645783080513,0.7912073870855773,ctx-lh-rostralmiddlefrontal
34,2007,0.1818169028562717,0.1832429289336541,0.169408448293988,0.1566479595260314,0.0840707737214792,0.6684018461880462,0.7979928529874193,ctx-rh-fusiform
34,2009,0.174441002070514,0.1774839560662117,0.1877508030968797,0.1607106230423058,0.0583013461563659,0.6662013280598598,0.7956388945037994,ctx-rh-inferiortemporal
34,2016,0.1833546785647991,0.1678421964206342,0.1694821342343901,0.1618063987478492,0.0960322701649343,0.6645475391557583,0.7938676007117558,ctx-rh-parahippocampal
38,53,0.2013790393255729,0.1605826365487841,0.13346282518932,0.1461864586367267,0.1437042576828398,0.663248516298666,0.7924758484012363,Right-Hippocampus
38,1020,0.2014080063635056,0.1922086713877455,0.1477203126443892,0.1362079617783188,0.0989166273534249,0.673637684741081,0.8035955482787076,ctx-lh-parstriangularis
38,1024,0.1769003576466503,0.1890368833148955,0.133658248816275,0.1508300473350129,0.132568994136759,0.6667501297436228,0.7962264923621444,ctx-lh-precentral
38,1027,0.2124267435981971,0.2103835152283159,0.1439723115204584,0.1159544930814038,0.0860658166437526,0.7104027384046646,0.8428085764223434,ctx-lh-rostralmiddlefrontal
38,2003,0.203251040901376,0.2290553655878704,0.120323030285898,0.1189471110493271,0.0765938538809195,0.6789329486321055,0.8092586846219982,ctx-rh-caudalmiddlefrontal
38,2007,0.2131629938483461,0.2075348569751757,0.1459827836758054,0.1228329213060587,0.0678978018473214,0.6814460408776769,0.8119294314316865,ctx-rh-fusiform
38,2008,0.1894462953901593,0.2027487856681252,0.1698200523791311,0.1288844363623571,0.0778753488947244,0.6775373480754397,0.807767186850305,ctx-rh-inferiorparietal
38,2009,0.2241501579855405,0.2064275204695846,0.1522203259998505,0.1133490780918148,0.0614434489491651,0.6828380662161586,0.8134305390653535,ctx-rh-inferiortemporal
38,2016,0.20786894714984,0.1827303557512033,0.1409585801021474,0.1337721760539389,0.1100001747220733,0.6702553657185073,0.7999749809488688,ctx-rh-parahippocampal
38,2018,0.1849839579806749,0.1981093231963922,0.1280523811186828,0.1444089036490572,0.1081565637775435,0.6675592372336163,0.7970912664445049,ctx-rh-parsopercularis
38,2024,0.1721040925813707,0.2100856245376958,0.135323858951521,0.1400421418634688,0.1097227208066218,0.6664916907635113,0.7959498280052538,ctx-rh-precentral
38,2027,0.1770321601667399,0.1968154046809034,0.1413631742488121,0.1510373303178552,0.1155265742210026,0.6675831483891678,0.7971184785557973,ctx-rh-rostralmiddlefrontal
38,2028,0.1846702338958537,0.2023284969964573,0.143592219623495,0.1342206812218784,0.1083113507215645,0.6764538418717789,0.8066080965398555,ctx-rh-superiorfrontal
38,2030,0.1729257805150363,0.1720684918562719,0.1997493679010255,0.1455336773183277,0.0787488308762624,0.6693412705187968,0.7989997227243449,ctx-rh-superiortemporal
38,2035,0.1941921589642677,0.1883470109094296,0.1317787766831371,0.1432019123733841,0.1195064306155661,0.6657550243632322,0.7951609436108654,ctx-rh-insula
39,17,0.2164336267973513,0.1732866364740627,0.1535345894406161,0.1399147250021165,0.0853944443725863,0.6754147156061616,0.8054910981557036,Left-Hippocampus
39,18,0.2451410753600884,0.1737269199360459,0.1117569498816141,0.1222629418625394,0.0917074996375485,0.666029076116084,0.7954544323782943,Left-Amygdala
39,53,0.2112484931641544,0.1713949068801157,0.1378640118133997,0.1385762402040792,0.1199905774653848,0.662585814203072,0.7917660014230012,Right-Hippocampus
39,1001,0.2371816120614646,0.17991439763933,0.1458504820348622,0.1209636193592009,0.0608276872005296,0.6665095563864402,0.7959658684313526,ctx-lh-bankssts
39,1003,0.2490940385793736,0.2095716842494394,0.1463681387855021,0.0870260717118642,0.0452017882090146,0.6819209541822576,0.8124512820971144,ctx-lh-caudalmiddlefrontal
39,1007,0.2291492346521002,0.1628460531099986,0.1357108996722149,0.1357304951391324,0.0948569711831168,0.670882125230083,0.8006481727759576,ctx-lh-fusiform
39,1008,0.2118575156879947,0.1611345480712802,0.151925684775042,0.1423981378786221,0.098307167825186,0.6659203605452024,0.7953380077693706,ctx-lh-inferiorparietal
39,1009,0.2418626254474492,0.1751798281184361,0.149632055257041,0.1190930200319288,0.0687614196723279,0.6757769322483023,0.805885182094211,ctx-lh-inferiortemporal
39,1015,0.2452449162773997,0.1698113514901785,0.1407314875929819,0.1212495832975816,0.0742101442383885,0.667675132659189,0.7972169482564799,ctx-lh-middletemporal
39,1020,0.2376808819930514,0.1688303120680549,0.1279906662119488,0.1324319213633287,0.0901049728660089,0.6710922205612023,0.8008743260518367,ctx-lh-parstriangularis
39,1027,0.2606434409122167,0.1818971963911304,0.1237805564793798,0.1097269245537414,0.058524014633254,0.6675370383467306,0.7970663784451737,ctx-lh-rostralmiddlefrontal
39,1028,0.2558489379055572,0.1839676747422152,0.1277975797373155,0.103549992319325,0.0665641887797207,0.6751845249529499,0.8052504976822662,ctx-lh-superiorfrontal
39,1030,0.2508770707885815,0.1805138106004349,0.1387860127499769,0.1052018234870183,0.0593000789338978,0.6670059755245217,0.7965003486213599,ctx-lh-superiortemporal
39,2009,0.3049002520545809,0.1503954252790733,0.1149370372309731,0.090533909723589,0.0251735959698905,0.6624201695810391,0.7915885099003783,ctx-rh-inferiortemporal
40,2003,0.1980355285095282,0.1509156541431729,0.1527176798609308,0.1729067310043953,0.0940031792630951,0.6627167523359461,0.7919044036968296,ctx-rh-caudalmiddlefrontal
40,2008,0.2212816649979522,0.1560305287974084,0.158258619705419,0.1406642119313032,0.0869275380125638,0.663198388737409,0.792421862955462,ctx-rh-inferiorparietal
40,2018,0.1835881496615639,0.1880383916396185,0.1610853379336296,0.1666622305564147,0.0733542317155213,0.6635509580867227,0.7928000761782387,ctx-rh-parsopercularis
40,2022,0.1582740952789834,0.1671189410153153,0.1638957146447274,0.1773055570689108,0.1228174686754566,0.6685932923191364,0.7981998796990056,ctx-rh-postcentral
40,2024,0.2014531265173159,0.1777136826107062,0.1376191198705905,0.151564892971885,0.0969936200497416,0.6652912667739066,0.7946618276106652,ctx-rh-precentral
40,2028,0.1735857399612612,0.1679510421695134,0.1427712705623259,0.1879553064527549,0.0910548396405108,0.6662783311959751,0.7957202386593575,ctx-rh-superiorfrontal
40,2035,0.2065308884962295,0.1754157861508413,0.1430818018081934,0.1445298713287392,0.1008615352745806,0.6723600247191036,0.8022293497490538,ctx-rh-insula
42,17,0.2153607451364951,0.1688423911271814,0.1428298051754368,0.141568394419378,0.1099534959143546,0.6672892669669089,0.7968035611319717,Left-Hippocampus
42,50,0.2244557864203163,0.1558581364218067,0.1146285771097937,0.1167270453303495,0.1077008229681471,0.6610935914398725,0.7901661789484004,Right-Caudate
42,53,0.2154127610803601,0.1700536055761541,0.1331089583385987,0.1414330040358579,0.1152621922597794,0.6667530632802816,0.7962293988709006,Right-Hippocampus
42,54,0.230680756840245,0.175840603343679,0.1254285033038605,0.1260337928227267,0.0979816512513391,0.6641191248343862,0.7934087448905297,Right-Amygdala
42,58,0.2433944487965922,0.1699999205261975,0.0890856998204659,0.1039391700287636,0.1103315018207684,0.6629569566064479,0.7921636703543874,Right-Accumbens-area
42,1003,0.197389556787181,0.1971430332790721,0.1443549290304552,0.1474285568233583,0.0934622896658907,0.6713661807827298,0.8011674628587453,ctx-lh-caudalmiddlefrontal
42,1006,0.234918567976978,0.171999505251084,0.1244472559797958,0.1159840468781181,0.1076682520084388,0.6746255506915728,0.8046539910603645,ctx-lh-entorhinal
42,1007,0.220048639131452,0.1884020000038362,0.1473801905722872,0.1262324419981632,0.0782746743598063,0.6679727514820121,0.7975339417339493,ctx-lh-fusiform
42,1009,0.2238621584188865,0.1926561126722596,0.1450862125137365,0.1226628927159797,0.0775029383278876,0.6687932507588991,0.798413228727345,ctx-lh-inferiortemporal
42,1012,0.221604826417209,0.169291591133638,0.1269924724558733,0.1341331085054252,0.0852275057599527,0.6609622506934879,0.7900261115547039,ctx-lh-lateralorbitofrontal
42,1015,0.2692514555100121,0.2032704656310824,0.1154459258975897,0.0869275062024616,0.0355951959051709,0.664398857629565,0.7937083967438594,ctx-lh-middletemporal
42,1018,0.1997593913062728,0.1804781033980962,0.1515153166022374,0.159397955440235,0.0690628376138233,0.6611668880439965,0.7902454366051381,ctx-lh-parsopercularis
42,1025,0.1945451183376969,0.1949423687033621,0.1565239710204086,0.144032591356058,0.0840202239780822,0.6765137404579316,0.8066727771431392,ctx-lh-precuneus
42,1027,0.2076370049260432,0.1791753207991805,0.1419676930766308,0.1461675447484873,0.0926084867482275,0.6668988134890973,0.796385312055714,ctx-lh-rostralmiddlefrontal
42,1035,0.2442465132578016,0.1819049296374955,0.1216248058868945,0.1167285487152859,0.0801619160735399,0.66321492423226,0.7924390411492492,ctx-lh-insula
42,2001,0.2585818648414547,0.2167055183302741,0.1264299507773888,0.0815950177169451,0.0238050031135356,0.665332097338208,0.7947079948608557,ctx-rh-bankssts
42,2007,0.1917298417497471,0.1886217757029888,0.1721580769505821,0.1463637933884063,0.0830909931498561,0.678698080729629,0.8090078016082412,ctx-rh-fusiform
42,2011,0.2107482896162659,0.1799673062583784,0.1539262157888459,0.1323172635472169,0.0837628557745973,0.6661127981462304,0.7955434938302489,ctx-rh-lateraloccipital
42,2013,0.2079659957901531,0.1773032467360844,0.1606235598152966,0.1369355204322424,0.0962002860529564,0.6750371135007036,0.8050941078557788,ctx-rh-lingual
42,2014,0.2391486318274665,0.1856950683028368,0.0995773209748637,0.1070662178887665,0.088750167300569,0.6587666397328207,0.7876724445058244,ctx-rh-medialorbitofrontal
42,2015,0.2613345241242392,0.1989543970618793,0.1317157669446935,0.0912909233431983,0.0406313626037212,0.6654681968982774,0.7948529410718853,ctx-rh-middletemporal
42,2025,0.2075636281523829,0.1937130253670907,0.1493711887919438,0.1299379371418792,0.0779957470094041,0.6692429014454169,0.7988949881361909,ctx-rh-precuneus
44,12,0.1825926386123086,0.2195695138317277,0.1413684413790526,0.1309632999797258,0.0741789794526408,0.6630599211698056,0.7922739897641925,Left-Putamen
44,13,0.2310930791115199,0.1807947874459586,0.1395151994156084,0.1225043362302716,0.0639990658358255,0.663097437696818,0.7923141856643326,Left-Pallidum
44,51,0.1966300676658936,0.2213520993364656,0.1532187403214716,0.1358207353293901,0.0236315359282897,0.6640106630294006,0.7932925557310624,Right-Putamen
44,53,0.1916481158697403,0.1658273036548341,0.1586902342045247,0.1555630555913497,0.1163306334617175,0.6655826223077383,0.7949759339297269,Right-Hippocampus
44,54,0.2129607842378393,0.1728828125497785,0.157655583364893,0.1418233090851454,0.0876228476433101,0.6678471277424105,0.7974010965754962,Right-Amygdala
44,1030,0.1721205631839104,0.203539684466486,0.1519835957431612,0.1557845032140788,0.0983679856827036,0.6781740512537491,0.8084462031346182,ctx-lh-superiortemporal
44,1035,0.1922390420928175,0.2232397931100842,0.1501148096492935,0.1307820570881858,0.0612134990485655,0.6725916567898806,0.8024785611090245,ctx-lh-insula
44,2001,0.1983096143432999,0.2261133830866092,0.1605017944946105,0.1346060541905784,0.0346229612608428,0.6666442536493878,0.7961131933356321,ctx-rh-bankssts
44,2003,0.1711759974284668,0.1911060565499502,0.1549585232650495,0.1606575610485005,0.1030561144546483,0.6692335446211185,0.7988839717567449,ctx-rh-caudalmiddlefrontal
44,2007,0.1953500801199019,0.2016542178111846,0.1543689080300459,0.1472508225845041,0.0792078620071521,0.6818165899826232,0.812339801492366,ctx-rh-fusiform
44,2008,0.1933349853285391,0.1916295485125047,0.1660670857927478,0.1536767859654435,0.0760598260016201,0.6801694104399191,0.8105799014794239,ctx-rh-inferiorparietal
44,2011,0.1745599912317508,0.1935603302480453,0.1566204823505658,0.1530764572187514,0.1084681609570004,0.6684112787180185,0.7980047514710422,ctx-rh-lateraloccipital
44,2012,0.1821435336127168,0.1948706803199604,0.1560581608919417,0.1527033203699807,0.0854338156528499,0.6670748316714254,0.796574237173882,ctx-rh-lateralorbitofrontal
44,2014,0.2064164784579754,0.1907996674829191,0.1490530193086054,0.1397075277376668,0.0897362480840947,0.679850447001729,0.8102391734012382,ctx-rh-medialorbitofrontal
44,2015,0.1926457081815903,0.2166809835381828,0.1541724588491918,0.1394494996559026,0.0615317798518619,0.6695190169741383,0.7991904765470119,ctx-rh-middletemporal
44,2016,0.1944061866808236,0.1932076014469917,0.1580332100861823,0.1460878258650052,0.0842467021709655,0.6733199049844382,0.8032571864563642,ctx-rh-parahippocampal
44,2024,0.1554995879011105,0.2234095668578089,0.1580854853156196,0.1548000062886478,0.0708752907211522,0.6744095055621185,0.804422945260352,ctx-rh-precentral
44,2027,0.2056415069009293,0.2003812207644806,0.1447499227770543,0.1546716309269884,0.0433862185322241,0.6719137727740492,0.8017505785530554,ctx-rh-rostralmiddlefrontal
44,2028,0.2114080887447836,0.2058625014033258,0.1420027373279148,0.1301213098991824,0.0621313551110375,0.6733606743972727,0.8033011770303237,ctx-rh-superiorfrontal
44,2035,0.1885580425268585,0.2204994970329192,0.1538410934199388,0.1376927284248844,0.0415457384421541,0.6668022606741679,0.796281561336676,ctx-rh-insula
52,12,0.2114660965617252,0.1526605922685806,0.1090849669652264,0.1668600804143684,0.1079601441574548,0.6633886525052617,0.7926261223744181,Left-Putamen
52,17,0.2280958613229787,0.1618865438937455,0.1171630328521372,0.1311277314676176,0.1125171324462757,0.6618816712567845,0.7910113651498734,Left-Hippocampus
52,53,0.2189597369408307,0.1710501450104363,0.1402950164164718,0.1367039767004717,0.0951345533762752,0.6671376769915904,0.7966397982110763,Right-Hippocampus
52,54,0.1849292738238132,0.1734377628042477,0.1616953974737613,0.1580389322279466,0.1054827532715119,0.6737632857229405,0.8037308122482412,Right-Amygdala
52,1014,0.2504610595749466,0.1616981893450073,0.1086142401582182,0.1228050885383394,0.097882560758171,0.6662290232315878,0.7956685523803791,ctx-lh-medialorbitofrontal
52,1015,0.2593172163583874,0.178054942304075,0.1274279325504966,0.1061236168010204,0.0599963385577636,0.6652425020159566,0.7946074561537975,ctx-lh-middletemporal
52,1020,0.2013016547823657,0.158529214607145,0.1226022338110279,0.1547174534482288,0.1429895412396941,0.663562629537218,0.7928125802033409,ctx-lh-parstriangularis
52,1026,0.2077364165948469,0.1565339460281699,0.1317044961203254,0.154693502890549,0.107771293750097,0.6597434674266283,0.7887196647670488,ctx-lh-rostralanteriorcingulate
52,1028,0.1812945323972214,0.1625510941014667,0.1194789385316519,0.1844427114773719,0.1273534220544595,0.6618363882882998,0.7909629379563471,ctx-lh-superiorfrontal
52,1030,0.2171267782064672,0.1672378298132544,0.1338046350647484,0.1399360586256289,0.1057836453939567,0.6627332720180666,0.7919239014603972,ctx-lh-superiortemporal
52,2001,0.2460612837564266,0.1780322960454923,0.1391298313840181,0.1207801837258464,0.0653964068933501,0.6788691859756467,0.8091906631026234,ctx-rh-bankssts
52,2007,0.2331492712045089,0.1783615733624387,0.1312054371053977,0.124102398581617,0.0879014384686208,0.6659726341593684,0.7953939883715965,ctx-rh-fusiform
52,2008,0.2335154286286738,0.1806997149234746,0.1386506352929322,0.1305146469309367,0.0703143725150518,0.6703499340652864,0.8000789553539579,ctx-rh-inferiorparietal
52,2009,0.2416490591969947,0.1843036647439825,0.1360898778802438,0.1234802916245141,0.0657804615715905,0.677252547938555,0.807460521837807,ctx-rh-inferiortemporal
52,2012,0.2062459100293785,0.1711434362255733,0.1273789914084705,0.1575166989679715,0.0914944005329361,0.6604543070774211,0.7894816785747071,ctx-rh-lateralorbitofrontal
52,2015,0.2490262597870466,0.184218347058155,0.1328661296200154,0.1066915171015147,0.0669604373360793,0.6716485443079577,0.8014695717171436,ctx-rh-middletemporal
52,2022,0.1718109174956144,0.1558346037745079,0.1547368202943871,0.1615049919535748,0.1413111241141558,0.6658497145090823,0.7952610840944241,ctx-rh-postcentral
52,2024,0.181540511533131,0.161057604863529,0.1570808031186366,0.1591322481598035,0.125846646371114,0.6669354806104595,0.7964232326873905,ctx-rh-precentral
52,2026,0.2234886580074349,0.1567585449639859,0.1363479604539679,0.1481174033891729,0.0899179326572972,0.6600473907852906,0.7890454974419527,ctx-rh-rostralanteriorcingulate
52,2035,0.221945489399584,0.1755523923539258,0.1243111376350985,0.142804743178044,0.0976621648238076,0.6621114218257965,0.7912573991507857,ctx-rh-insula
53,17,0.2008815770690207,0.172040734676044,0.1657513299591893,0.1590659230413606,0.067463276395416,0.6742033693704226,0.8042022085838105,Left-Hippocampus
53,18,0.2116418958331281,0.161363218104435,0.1484014742193995,0.1306235158037759,0.108654026064709,0.6625242654996979,0.7917000513226665,Left-Amygdala
53,53,0.2045191801326856,0.1866401521373996,0.1652399915829082,0.1375820843129064,0.0652064392253767,0.6665411048542139,0.7960010601723555,Right-Hippocampus
53,1007,0.1877724681841309,0.1759516112132135,0.1882862523010937,0.1478497283938,0.0807298699999332,0.6654422673979283,0.7948259884235389,ctx-lh-fusiform
53,1008,0.1754739710641878,0.1732192784798552,0.1891835862559632,0.1658627688763594,0.0698912494180961,0.6704925634519762,0.8002326491223329,ctx-lh-inferiorparietal
53,1009,0.1850848787889308,0.1673194156003708,0.1761717941249661,0.1622120744248408,0.0939888460467904,0.6654481914559293,0.79483181729324,ctx-lh-inferiortemporal
53,1015,0.189125683531198,0.1787845735477639,0.1771521338448763,0.1548295956907675,0.0822307318494849,0.665267982332379,0.7946393258725274,ctx-lh-middletemporal
53,1016,0.2048288182261361,0.1742805274886435,0.1637108638664921,0.1443106228177865,0.09335239789181,0.6642761204840385,0.7935769220241173,ctx-lh-parahippocampal
53,1018,0.1597572781757908,0.1638280359426412,0.1626820249638929,0.1927953881535486,0.1003938403565374,0.6684043775608011,0.7979972740402563,ctx-lh-parsopercularis
53,1020,0.1709065116669633,0.1677205321637108,0.162677859443334,0.185387439673336,0.094504086311601,0.6676028884145684,0.7971394817409341,ctx-lh-parstriangularis
53,1025,0.1692218168063904,0.166632258153826,0.196655145863923,0.1495812836918857,0.0765545917047226,0.6671876292475597,0.7966944472369081,ctx-lh-precuneus
53,1026,0.1972739659954516,0.1645998607004814,0.2112657803500869,0.1331136312103163,0.0262879636700342,0.6646162150674588,0.7939412238494464,ctx-lh-rostralanteriorcingulate
53,1027,0.1565117285077282,0.1571966122021686,0.1458730915460036,0.2075348534716972,0.1068746622061466,0.6669783805455249,0.7964709401852643,ctx-lh-rostralmiddlefrontal
53,1030,0.1964760429947226,0.1829518288773237,0.1764885783942835,0.1479485479895086,0.0710161856622552,0.6674899992779427,0.7970182612766866,ctx-lh-superiortemporal
53,1031,0.1863604405808702,0.1747811439574179,0.1749007488410124,0.1637274525296282,0.0783791100740809,0.6685030022590437,0.7981032276479749,ctx-lh-supramarginal
53,1035,0.2046109021119636,0.1733855266450052,0.1745266392072272,0.1406801729229482,0.0719677012775104,0.6635889615018755,0.7928407293268387,ctx-lh-insula
53,2007,0.1912809625986608,0.1746378396597467,0.1743632433779776,0.1532877731382496,0.0884933483975617,0.6667734083959522,0.7962513606865518,ctx-rh-fusiform
53,2008,0.1819314082533404,0.1652570157051753,0.174855702569448,0.1639114647466505,0.0925636575857148,0.668920873936841,0.7985504073791314,ctx-rh-inferiorparietal
53,2009,0.193539097828862,0.1736020066475999,0.1759940542788207,0.1539263511235735,0.0726093847616274,0.666699065505228,0.7961714454677098,ctx-rh-inferiortemporal
53,2011,0.1961215003936111,0.1765364587735308,0.1793129176806674,0.1497361393934885,0.0822155425119554,0.6673963425504437,0.7969184756741439,ctx-rh-lateraloccipital
53,2012,0.1854178186120755,0.1614393019542164,0.1818456556645037,0.1639556894734309,0.0926083124436833,0.6694863454999811,0.7991531754235315,ctx-rh-lateralorbitofrontal
53,2015,0.1922011826216253,0.1675146935636262,0.1707826502646983,0.1588290483587197,0.09094071519216,0.6705007172129649,0.8002408242997223,ctx-rh-middletemporal
53,2018,0.163485510574702,0.1565851790564159,0.1688813166099731,0.188354815522167,0.1088028669082874,0.666321750987375,0.7957668546306905,ctx-rh-parsopercularis
53,2020,0.176599268573616,0.1621365393528022,0.193515411379402,0.1700219927659881,0.0841321789532923,0.6652800194407809,0.7946520686173564,ctx-rh-parstriangularis
53,2025,0.1865230842615507,0.1711981670762854,0.1739943298468046,0.1477085779041168,0.1017928670467384,0.6655119303854515,0.7949005972897522,ctx-rh-precuneus
53,2027,0.2332601690155522,0.175347643136394,0.1251468846780574,0.1536450442250231,0.0514700408965542,0.6769519443042695,0.8071213401223943,ctx-rh-rostralmiddlefrontal
53,2028,0.2563475592725968,0.169283812740766,0.1280807040411317,0.1186880548473261,0.0690123248306664,0.6954538153537998,0.8268916300731939,ctx-rh-superiorfrontal
53,2029,0.1638664310645718,0.1729979023730937,0.1850708573326983,0.1667852953564562,0.0900947479319329,0.6696696146525696,0.7993518269012048,ctx-rh-superiorparietal
55,11,0.19385808232248,0.1658268389060712,0.1581637418443326,0.1523994987557285,0.0972369628623712,0.6621811217698523,0.7913322203169428,Left-Caudate
55,17,0.1896757053013603,0.1673989253828266,0.1465031511566509,0.1505057953080443,0.1334110232523947,0.660848619434907,0.7899043098023311,Left-Hippocampus
55,18,0.1938043612636981,0.1615500780476424,0.1352608642496306,0.1261494711575089,0.1560380067491119,0.6613527798768941,0.7904446614713188,Left-Amygdala
55,1003,0.1764734747808155,0.1666547908283315,0.1536626133727449,0.1783947005153058,0.104762223911202,0.6646393746078989,0.7939657547245048,ctx-lh-caudalmiddlefrontal
55,1007,0.184218243622347,0.1719098856004166,0.1473596802404289,0.1517310516375601,0.120196977862287,0.6648202704412005,0.7941597937268228,ctx-lh-fusiform
55,1009,0.183367924679809,0.1709574087175846,0.1601597480433487,0.1674043498145834,0.1008438838070289,0.6731776669809796,0.8031054231841099,ctx-lh-inferiortemporal
55,1012,0.1919471787486909,0.1891450240726393,0.1606800611966062,0.1495635049080412,0.0905493188460157,0.6646253660013985,0.7939510258477914,ctx-lh-lateralorbitofrontal
55,1014,0.218213773935395,0.1736279028471737,0.1462574178024476,0.1292549548261237,0.0952462644393827,0.6628460581401143,0.7920448482261,ctx-lh-medialorbitofrontal
55,1015,0.19479672911917,0.176163150554305,0.1560070618577326,0.1551046474497563,0.0906171238913876,0.6734596992944321,0.8034027608831213,ctx-lh-middletemporal
55,1018,0.2030290569200957,0.1768450613074093,0.1642040108634295,0.1538721957478235,0.0827587039982862,0.6601928049731106,0.7892008772524697,ctx-lh-parsopercularis
55,1020,0.2126533861627709,0.1741227384140312,0.1591580921004412,0.1562952372565529,0.0690746324120973,0.6577123710467184,0.7865419768920496,ctx-lh-parstriangularis
55,1027,0.2087520079834312,0.1866893484419319,0.1519028835540589,0.1482255197240363,0.0783493168996532,0.6604755613554198,0.7895033627513013,ctx-lh-rostralmiddlefrontal
55,1028,0.2096232806174195,0.1815309438538081,0.1511193345789543,0.1500922462725394,0.0736980578064456,0.661272511471576,0.7903579927246449,ctx-lh-superiorfrontal
55,1035,0.1926818563541659,0.18116212099833,0.1748666317139245,0.1500393774417749,0.0890702534374819,0.6650049092467878,0.7943571038909691,ctx-lh-insula
55,2027,0.1741497965256055,0.1778265895008112,0.1397610737567609,0.1800635852483499,0.1136187512490486,0.6711297592939012,0.8009135297736529,ctx-rh-rostralmiddlefrontal
55,2028,0.1770315443663327,0.179825174589269,0.1623922972633545,0.1610565900351553,0.1003683763175219,0.6689030762243251,0.7985314807450833,ctx-rh-superiorfrontal
