roiNum,DN_HistogramMode_5,DN_HistogramMode_10,CO_f1ecac,CO_FirstMin_ac,CO_HistogramAMI_even_2_5,CO_trev_1_num,MD_hrv_classic_pnn40,SB_BinaryStats_mean_longstretch1,SB_TransitionMatrix_3ac_sumdiagcov,PD_PeriodicityWang_th0_01,CO_Embed2_Dist_tau_d_expfit_meandiff,IN_AutoMutualInfoStats_40_gaussian_fmmi,FC_LocalSimple_mean1_tauresrat,DN_OutlierInclude_p_001_mdrmd,DN_OutlierInclude_n_001_mdrmd,SP_Summaries_welch_rect_area_5_1,SB_BinaryStats_diff_longstretch0,SB_MotifThree_quantile_hh,SC_FluctAnal_2_rsrangefit_50_1_logi_prop_r1,SC_FluctAnal_2_dfa_50_1_2_logi_prop_r1,SP_Summaries_welch_rect_centroid,FC_LocalSimple_mean3_stderr,roi
11,-0.0949888998574003,-0.07699820242808132,4.352504266076031,23.25,0.19420562496625315,-0.0009623087348611514,0.8240495624678286,603.0,0.0044020714612772105,68.5,0.35706213419843025,11.5,0.244017094017094,-0.09240808823529414,-0.08395220588235291,0.8512403517634423,116.75,1.7562691134929986,0.4,0.355,0.2380546435200186,0.7168106272203272,Left-Caudate
12,-0.21386254607019597,-0.07772187835340644,4.771075061765456,16.0,0.26098414737676595,0.0037241356776195494,0.8098512145500895,461.8333333333333,0.004406276426454611,37.0,0.45870585620934623,7.666666666666667,0.40659340659340665,-0.057046568627451,-0.053621323529411784,0.9214363320939046,117.0,1.673542636062785,0.4066666666666667,0.3666666666666667,0.23578563027127095,0.6185478544815755,Left-Putamen
17,0.013042249709801411,-0.035764748805419216,8.508745554642317,30.729166666666664,0.3093775011017076,-1.7297278330942977e-05,0.7951879121013801,474.73958333333337,0.004238615111938853,80.40625,0.523452762061343,16.083333333333332,0.19598360430994083,-0.1055005361519608,-0.1126263786764706,0.9466105150525612,117.08333333333333,1.6112199281048751,0.41729166666666667,0.36625,0.13369601304416673,0.4880183542899986,Left-Hippocampus
18,0.09073350027125127,-0.43324875535385576,8.262503168915858,44.0,0.29194503280684475,6.738190786638181e-05,0.7915287888815354,1078.0,0.00487303009204532,99.0,0.629306766589539,19.0,0.15,-0.007573529411764701,0.05415441176470592,0.9514384058604324,117.0,1.5929877254294815,0.42,0.36,0.10584467436411621,0.45803405224842253,Left-Amygdala
51,-0.8429739409911761,-0.3034062586647214,5.075199523883688,37.0,0.18345501781276813,0.0006188166223331493,0.8227075520258843,50.0,0.006770463283774102,106.0,0.45957277621743187,17.0,0.1111111111111111,-0.1134926470588235,-0.08441176470588241,0.8576025215287313,116.0,1.7310270784267359,0.46,0.38,0.1767912858038318,0.6627850164948769,Right-Putamen
53,-0.13808370373848775,0.11840458152934827,8.163407733976014,31.083333333333332,0.2500785001409934,-0.0012689169324082707,0.8123538495477609,378.3333333333333,0.004111470294575992,82.18333333333332,0.4644452865205889,15.0,0.11104180348375395,-0.045226715686274524,-0.058074142156862775,0.9017658008515408,116.8,1.7030698013396361,0.41100000000000003,0.3596666666666667,0.12880325348947283,0.5487421554569785,Right-Hippocampus
54,0.39494955540788546,0.03314714780274822,4.685358177720629,14.5,0.17830503926644098,0.005832504093175448,0.8223031105228326,702.75,0.003826837322014425,37.25,0.3499055073800706,9.0,0.14453044375644994,-0.09772977941176471,-0.11066636029411764,0.780728342249609,117.0,1.7592644077836899,0.40750000000000003,0.36,0.22314626773775406,0.7291557098769093,Right-Amygdala
1001,-0.13911696007897623,-0.009231075420411895,5.245964365442825,16.9,0.2523210845617984,0.0029073125868601156,0.7976634311346422,441.6645833333333,0.0049852017948390625,40.581250000000004,0.4407232779593406,9.252083333333333,0.379252271835392,-0.0919914981617647,-0.06978186274509807,0.9218518616526032,124.06041666666667,1.649301660149531,0.36283333333333334,0.3621666666666667,0.2145128321159346,0.5893777432323498,ctx-lh-bankssts
1002,0.07801087151573717,0.03248651712535442,5.0222053094244465,16.291666666666664,0.24123611504034265,0.0005539131877080676,0.8117539279849009,420.98958333333337,0.0041742014858596865,44.05208333333333,0.4314399164030254,8.885416666666666,0.3322833569616658,-0.06589001225490197,-0.056176470588235314,0.9033381928832817,119.71875,1.6859724338580278,0.38333333333333336,0.35125,0.21859625701535337,0.6291256683878903,ctx-lh-caudalanteriorcingulate
1003,0.09610604581645475,0.005841637137094381,3.759637176563021,10.515277777777778,0.17171782741718375,-0.003909451971580408,0.8171014412824472,859.4000000000001,0.004258231748091701,34.59444444444444,0.3678944066811759,6.513888888888889,0.31072062197062195,-0.1230953839869281,-0.1370489174836601,0.8305781756181683,116.29444444444445,1.7451903670173472,0.4237777777777778,0.3844722222222222,0.27420705531784667,0.7226790280879479,ctx-lh-caudalmiddlefrontal
1005,-0.15645897620423696,0.128964294173096,3.897734446020618,12.0,0.24350520414684906,-0.006351035503019818,0.8067627521631492,108.16666666666667,0.004602367479414503,23.333333333333332,0.39013717391834685,5.0,0.6563492063492063,-0.04684436274509802,-0.04110906862745096,0.9289867375993109,116.66666666666667,1.6590868407198311,0.2366666666666667,0.2833333333333334,0.269724955203243,0.648613072962398,ctx-lh-cuneus
1007,-0.06267755456684874,-0.00811859184949403,4.751004805243948,13.347222222222221,0.27572356759549194,-0.00022349122374831751,0.7956498026815697,695.9166666666666,0.004836357711234051,35.01388888888889,0.43744632899929153,6.75,0.5025938953022286,-0.11420036764705882,-0.1147763480392157,0.941689690401169,119.90277777777779,1.6270553614060708,0.315,0.34972222222222227,0.23719710564901306,0.5806239414319426,ctx-lh-fusiform
1008,-0.15153755521328804,0.1689081490845591,4.005939978959017,12.933333333333334,0.1601811052537738,0.0016747868795016676,0.8123203503525586,750.9777777777778,0.004603110977729136,48.93333333333334,0.3341734370255887,8.288888888888888,0.38844963458740545,-0.07323366013071896,-0.05795383986928104,0.8929477177444397,116.87777777777778,1.7122030190522524,0.3988888888888889,0.3913333333333333,0.25086125256999253,0.6709546405030152,ctx-lh-inferiorparietal
1009,0.13226289838650743,0.08374892505505392,5.1457396777826325,13.865384615384615,0.2815171435159329,-0.0020718892234637405,0.7913366555987337,392.17435897435894,0.004659200940906356,40.6576923076923,0.4814162813088433,8.687179487179488,0.39510695497775755,-0.05366478129713424,-0.061998963046757165,0.9439065067958488,116.46666666666667,1.6242111091937832,0.4004615384615385,0.36738461538461537,0.2114022189910128,0.5601853247142313,ctx-lh-inferiortemporal
1010,0.206585570946065,0.02299174494197337,5.03692433703775,19.984848484848484,0.19564675416658456,0.0026384927554084364,0.8183500569337764,706.2878787878788,0.004402888090066497,78.80303030303031,0.35816429608435263,11.484848484848486,0.20475925003788784,-0.08458611853832441,-0.0772699420677362,0.8583563724589393,115.77272727272727,1.7387435582234045,0.41,0.3609090909090909,0.2270117250072275,0.6605199712513549,ctx-lh-isthmuscingulate
1011,-2.4395467423269208e-05,-0.08349228214466349,6.0163504340972365,18.345238095238095,0.3467973741764657,-0.0009229904516547747,0.7802123055266669,545.3809523809524,0.004826596375832532,40.36904761904763,0.5593125548310991,10.476190476190478,0.3960245262846194,-0.0938357843137255,-0.1015642507002801,0.9628939589893477,116.79761904761905,1.5744753736008692,0.4054761904761905,0.3742857142857143,0.19026840272597081,0.5090303683784658,ctx-lh-lateraloccipital
1012,-0.06872944831870516,-0.0861943563910948,5.9516895796505,24.00925925925926,0.22614798802012537,-0.0007558753413842729,0.81061822356219,496.46759259259255,0.0038316344695569493,78.84722222222223,0.4320883080465134,12.87037037037037,0.20782197601717295,-0.11334303513071894,-0.11277079929193899,0.8866739235139337,121.41203703703702,1.6940250951495406,0.4189814814814815,0.3661111111111111,0.1783217157102641,0.6097083024253979,ctx-lh-lateralorbitofrontal
1013,-0.0668333923060129,0.022622934311306877,4.7703621146679795,11.65,0.3059979618375058,0.001899930816969594,0.7889084981738854,447.6333333333334,0.005231801623153985,28.416666666666668,0.5569229423072567,6.7,0.6022781995245764,-0.10573651960784314,-0.08915379901960785,0.9596053622556152,116.91666666666667,1.6048328251999882,0.31666666666666665,0.36800000000000005,0.23810577621294815,0.5605289349511211,ctx-lh-lingual
1014,0.28730054287635526,-0.13452724626875187,5.668777502523228,23.60606060606061,0.21394830191469474,0.0015287383810015183,0.8155668754609853,383.92424242424244,0.004132458655074222,68.45454545454545,0.4242488015940608,12.757575757575758,0.1999607096332868,-0.1268560606060606,-0.14202150178253123,0.8750027177061735,119.1969696969697,1.7140943561169544,0.42939393939393944,0.38242424242424244,0.1941880224664451,0.6338382734127432,ctx-lh-medialorbitofrontal
1015,0.06562360526298706,0.058296789200657305,5.559945219587585,18.245535714285715,0.2695860416372971,-0.003559417898186175,0.7919943999733875,550.6609126984127,0.004790233338248495,45.01309523809524,0.4470109735208699,11.122222222222222,0.3837832706110738,-0.08980354589752566,-0.09022452366363211,0.9392990728795607,116.7483134920635,1.6382513184639194,0.40600198412698413,0.38168452380952383,0.21300346654555288,0.5659456805890434,ctx-lh-middletemporal
1017,-0.15223106720423304,0.0762446797464612,2.7761802519523404,7.0,0.11198959027403932,-0.04888950131158735,0.8296627202980611,509.7083333333333,0.005180549033416677,14.833333333333334,0.2664265328102483,3.7083333333333335,0.40619588744588747,-0.11170343137254901,-0.11173560049019605,0.6414010077333541,116.91666666666667,1.8225618185302241,0.37333333333333335,0.3425,0.3952077794456048,0.8756591190265443,ctx-lh-paracentral
1018,-0.14119927089020082,0.027906345996508024,3.819204919743875,11.285648148148148,0.1805093707418214,-0.004115526026937297,0.8187962145909422,782.2814814814815,0.0042470582459586065,34.17314814814815,0.3776086298048363,6.434722222222223,0.33061577696994365,-0.09252896922657951,-0.09244995915032679,0.8358891977146395,118.73055555555555,1.7403262624728273,0.4036851851851852,0.37110185185185185,0.282199734381393,0.7216414236307834,ctx-lh-parsopercularis
1019,-0.12632762068117084,-0.15223600786401995,6.220158659632806,22.333333333333332,0.17741952070777853,0.00041350507089660087,0.8199622521263819,402.0,0.003783716864132397,92.33333333333333,0.38617162041941944,12.333333333333334,0.15999490705373057,-0.040318627450980395,-0.034730392156862765,0.840303606688316,130.5,1.750493850339164,0.39999999999999997,0.35333333333333333,0.184141610412451,0.6644299723132424,ctx-lh-parsorbitalis
1020,0.11948423075310907,0.04354145553973037,4.175079035257278,14.719696969696969,0.16428400837112375,0.0005936476659816999,0.8244779584951657,423.0984848484848,0.003828778735355053,47.20454545454545,0.3565069362984074,8.401515151515152,0.29079124330496414,-0.09438001336898395,-0.09016571969696968,0.8072624763344098,116.89393939393939,1.763949804476301,0.4313636363636364,0.3798484848484849,0.2750996984941306,0.7398144116570043,ctx-lh-parstriangularis
1021,-0.03488714652181817,-0.14729025863617862,5.765894661802787,20.47222222222222,0.3179094137009406,-0.0018434935840655382,0.7932466439525782,560.6388888888888,0.004302970731044037,61.25,0.4317828444576928,12.472222222222221,0.3420953139090394,-0.07290134803921569,-0.07799019607843137,0.9482483300693186,116.6111111111111,1.6079293834161448,0.4138888888888889,0.3755555555555556,0.18799786767088597,0.5456185063624417,ctx-lh-pericalcarine
1022,0.10233868720848113,0.06809228286992595,3.455210216013132,11.519841269841269,0.16928121742273847,-0.002525229786363914,0.8196571993505591,529.85,0.004637723549272795,33.55714285714286,0.3503329417569948,6.366666666666667,0.44628575348813443,-0.06198616946778711,-0.06021434407096171,0.8550024848435999,116.92380952380952,1.7491808693202917,0.382047619047619,0.355984126984127,0.30618956557114524,0.7397963246157576,ctx-lh-postcentral
1023,0.09596709356865157,0.08128411479141164,3.3944765936737027,11.0,0.16742060601323075,0.010611322687094306,0.819900973110768,323.6666666666667,0.003910928068614462,21.166666666666668,0.3685957849856066,5.333333333333333,0.468013468013468,-0.005735294117647033,-0.016758578431372545,0.828111436322299,116.83333333333333,1.7510482865831205,0.36000000000000004,0.34,0.3377953526656728,0.7680146421371413,ctx-lh-posteriorcingulate
1024,0.059473773147911406,0.039577932998124794,3.2298330986362336,8.62108843537415,0.14765454363917924,0.007278595055285215,0.820202165725471,645.2955782312926,0.004858948882747889,17.40748299319728,0.31591555976586383,4.904761904761905,0.4732498284028896,-0.11120411914765906,-0.11411600890356143,0.8039995755039683,116.79251700680273,1.7647116148606081,0.3734965986394558,0.36806802721088433,0.3443631644557098,0.7801706910277371,ctx-lh-precentral
1025,-0.02530571805803361,0.026955701280732325,3.983193013931506,14.566666666666666,0.16497223317847148,0.0006643392095111547,0.8184241488344732,630.6833333333334,0.004286903303255112,38.88333333333333,0.34396725995865074,8.116666666666667,0.3316421261487051,-0.08751776960784312,-0.06836580882352943,0.8622989041225153,115.15,1.7492715043375013,0.404,0.3863333333333333,0.27750990770176315,0.6992995857999397,ctx-lh-precuneus
1026,0.051506238009692396,0.19226696375586094,5.816520454779703,22.916666666666668,0.2697437015959538,-0.0018991250706128018,0.8042564404245409,794.3333333333334,0.004068024802933425,74.16666666666667,0.4764590746583332,12.666666666666666,0.2697811447811448,-0.10963235294117647,-0.12230392156862746,0.9267573149392909,117.0,1.6482212338449767,0.43333333333333335,0.3666666666666667,0.17819743485939368,0.5842198479334156,ctx-lh-rostralanteriorcingulate
1027,-0.2158756593045088,-0.025493705272761524,4.0477287118141,14.846938775510205,0.18326147900940024,-0.0008335784222041874,0.8149793302128557,504.7108843537415,0.0045132286435816335,38.642006802721085,0.37196007015939153,8.037414965986395,0.3183230758448345,-0.0819234256202481,-0.08424785539215686,0.8187334018626219,114.91411564625851,1.7384020672368596,0.4390816326530612,0.38360544217687076,0.27808065029848034,0.717438905116925,ctx-lh-rostralmiddlefrontal
1028,-0.10205562481089518,0.06200204210168713,4.2592245863370195,14.215544871794872,0.18898303865366903,-0.0066012282364206025,0.8180552845137558,604.9816506410257,0.004150676368956982,48.54863782051282,0.38252268867132544,8.146233974358974,0.35761388001899136,-0.10216586243872548,-0.10632131704845399,0.8376979328700578,116.54623397435897,1.731878115084758,0.4083525641025641,0.3648974358974359,0.2682859570799277,0.7088844469216086,ctx-lh-superiorfrontal
1029,-0.16414768832465207,-0.1838884017334208,3.891013290368094,11.164814814814815,0.19997202459209062,0.008635756234257188,0.8078864731339178,621.4981481481482,0.004817633366151937,19.51851851851852,0.3523380896143262,5.340740740740741,0.46703465991871784,-0.10641714324618737,-0.11347549019607844,0.8544948786860664,116.59259259259258,1.7104296374303471,0.3397777777777778,0.36592592592592593,0.3109783857530092,0.6927451680019432,ctx-lh-superiorparietal
1030,0.08616855373541923,0.0038981360477840883,4.9842177414727615,18.198333333333334,0.2563300370057618,0.0005454827097287138,0.8019538201338333,672.3933333333333,0.004458591918968791,45.62166666666666,0.46389925447528463,10.753333333333334,0.3481393061702745,-0.08438357843137255,-0.08164791666666668,0.9097889253241078,117.73333333333332,1.663587902206224,0.40053333333333335,0.38243333333333335,0.22047330621486316,0.6063999426833021,ctx-lh-superiortemporal
1031,0.026826990601423645,0.005091612954998343,4.13297981762694,13.213286713286713,0.20460260680273676,-0.0007713346431451564,0.8095249359312894,803.9055944055945,0.004382580504874652,32.35897435897436,0.3811787908807996,7.862470862470863,0.34618198401135825,-0.09999087309749072,-0.09906854175236528,0.8870953835299873,114.38228438228438,1.7057363525384739,0.38610722610722614,0.38575757575757574,0.2579434285167977,0.6669750058322877,ctx-lh-supramarginal
1034,0.12524001012267016,0.07153631483051066,4.665060617393669,19.1,0.21349182087398785,0.0024030366353136033,0.8187146113684829,722.45,0.003915062955788923,55.05,0.4269921989374983,10.0,0.3142589763177998,-0.08489154411764707,-0.07653860294117647,0.868698105254207,116.4,1.727849990239435,0.367,0.371,0.23310755547908713,0.6688120261607582,ctx-lh-transversetemporal
1035,0.12081981516819786,-0.06836168700489727,4.81914932491922,17.347123015873017,0.23661871880092833,0.0016842541122620333,0.8089747422487882,758.510119047619,0.003973317008849485,47.34097222222223,0.4146920854418364,9.946626984126985,0.3208905895225134,-0.07724374124649859,-0.07479285568394024,0.901179036473852,116.7609126984127,1.6832665617009033,0.42197023809523815,0.37526984126984125,0.2375187774635362,0.6406671100609055,ctx-lh-insula
2001,-0.15442538318248916,-0.046450133376957706,4.066006184026378,13.26666666666667,0.20088999676177544,-0.00495953560546258,0.8091440547099051,671.1166666666666,0.004592818144219052,38.7,0.3667449766459553,6.6833333333333345,0.4105555555555555,-0.02341115196078433,0.012504289215686281,0.8987815881852104,116.86666666666667,1.7039547975001277,0.3426666666666667,0.379,0.25935780171178185,0.6637594046157247,ctx-rh-bankssts
2002,0.04133353095475316,-0.05029227881869049,3.6632864448687052,11.5625,0.17713878317612497,-0.002311367145584509,0.8244540039708802,470.6875,0.004664748035283229,35.6875,0.3698482737098021,7.03125,0.28864989177489175,-0.06503906250000001,-0.06846277573529413,0.836888636975859,121.84375,1.7566128997214427,0.429375,0.383125,0.2768955164382818,0.7359996614131794,ctx-rh-caudalanteriorcingulate
2003,-0.21747001188844692,-0.03918493871221989,3.227946528941817,9.512987012987013,0.1325838348295245,-0.00045351044026219905,0.8264618069383126,734.3787878787879,0.004202947154477307,29.86309523809524,0.27671345052401175,5.803571428571429,0.36334946972361026,-0.048061895212630525,-0.06268360469187675,0.7776526728712331,114.42694805194806,1.7954707805103045,0.39265151515151514,0.36380952380952386,0.3369465997676137,0.799816923475913,ctx-rh-caudalmiddlefrontal
2005,0.20187047222856183,0.08968613775267743,4.742842334930861,13.1875,0.3114649716081483,-0.002390572696589879,0.7987168174130451,518.3125,0.004439268666936223,35.3125,0.46612658126222783,7.0625,0.5756639194139195,-0.11872931985294118,-0.11875689338235294,0.9599752583353653,121.3125,1.6218852590003796,0.28500000000000003,0.31,0.2383662333675579,0.5741474674500257,ctx-rh-cuneus
2007,0.20282692375983558,0.159528239890087,5.005673465325873,12.754545454545456,0.2860376116078824,0.0022474194640164247,0.7888466620763114,630.4787878787879,0.004815527899917843,30.183333333333334,0.4297370255371234,6.954545454545454,0.5510228912501639,-0.1110840017825312,-0.11634196746880571,0.9552292630242021,117.1,1.607900053353275,0.32442424242424245,0.3693939393939394,0.23407384716478938,0.5529962374836075,ctx-rh-fusiform
2008,0.006814246957777548,-0.13441705340424936,5.331071408489228,20.173669467787114,0.2349812093561436,0.0008094680626863761,0.8029463980606582,545.1054621848739,0.0043047244518264974,55.31064425770308,0.4248584903109667,10.446638655462186,0.35606691747544533,-0.10144769010545394,-0.09373570604712474,0.9139887760697977,119.25084033613446,1.6658446940777774,0.3952072829131653,0.3838543417366947,0.22593721580114737,0.6029813464697404,ctx-rh-inferiorparietal
2009,-0.14256755630202925,0.03613455047461434,4.914769362676314,12.265151515151514,0.2735370522006754,0.0001594880260794187,0.7891291026300954,613.5015151515152,0.004751251532008005,31.318181818181817,0.4544481152938022,7.442424242424243,0.4804636107619979,-0.07728436942959002,-0.09318794563279859,0.9351387057886685,117.3409090909091,1.6305870882623366,0.3438787878787879,0.36933333333333335,0.23891983192651933,0.5780803289412041,ctx-rh-inferiortemporal
2010,0.014895552241719642,-0.060913027448302265,2.8109840146058738,7.666666666666667,0.11280494387532292,0.07757663856751885,0.8295871428454706,820.7777777777777,0.005653574724669731,24.777777777777782,0.28698584545930794,4.333333333333333,0.3733893557422969,-0.021646241830065346,-0.025236928104575156,0.7104363443698527,116.44444444444444,1.8331326531340357,0.38666666666666666,0.39111111111111113,0.4253387840187633,0.8729850806396152,ctx-rh-isthmuscingulate
2011,-0.14436751913699786,0.016248745996450358,5.715843066859033,15.902777777777777,0.3454441016805488,-0.0003818396064541229,0.7776056858755954,338.4305555555556,0.004954399828274183,39.201388888888886,0.5049466497931802,8.993055555555555,0.5085227272727273,-0.10068321078431373,-0.09019658905228757,0.9657881810576265,119.14583333333333,1.5725551791519712,0.3581944444444445,0.34902777777777777,0.2076786281265728,0.5187213206419038,ctx-rh-lateraloccipital
2012,-0.05166471251385264,-0.06144209116429963,5.021584954982632,19.645,0.2079532924020751,-0.0005327484343866785,0.8162465377356177,536.5266666666666,0.00403598079187629,61.02166666666667,0.4322285480237613,11.048333333333334,0.24002764130434412,-0.08305876225490197,-0.07665177696078432,0.8661676327321848,114.755,1.7241451466607636,0.42410000000000003,0.3802333333333333,0.2213534276919126,0.6614012400717008,ctx-rh-lateralorbitofrontal
2013,0.01007577500827447,-0.07482461283296031,4.410347261929453,14.571428571428571,0.22197186951601275,0.01308774744574341,0.8076013992625508,430.0,0.004153205583561605,53.857142857142854,0.36691619535712183,7.714285714285714,0.4214768424852458,-0.09928046218487395,-0.10376050420168068,0.8988725600140928,112.71428571428571,1.6932263459648635,0.3514285714285714,0.32857142857142857,0.25710613705527813,0.6635782942545427,ctx-rh-lingual
2014,0.19336691657583516,-0.15490286988126872,6.216058315941161,26.7,0.22053189101341478,0.0007875747189165965,0.806033531877344,323.25,0.004402514391981216,72.55,0.47287785293580775,14.1,0.2828485254444334,-0.10992830882352941,-0.09714705882352943,0.8575384106525522,116.0,1.706700739510025,0.422,0.37,0.21310828095702675,0.6223713009769055,ctx-rh-medialorbitofrontal
2015,-0.16094034431064844,-0.007379769126554488,5.182629282599031,18.831746031746032,0.22865774373917816,-0.007671481169446499,0.804526026406837,655.434693877551,0.0043696967131229515,56.56689342403628,0.37133033147947575,10.143764172335601,0.3188111688757421,-0.07059440442843805,-0.07029760237428306,0.9001312759223546,117.17120181405896,1.6839408949146004,0.39736961451247166,0.3684308390022676,0.21094948996727259,0.6151243826914451,ctx-rh-middletemporal
2016,0.45473863781917095,0.021491715654430227,5.931128659432351,11.5,0.29593243357060073,-0.009390706427805566,0.8018604309140378,665.0,0.004173689225241016,18.0,0.5130304500375026,9.0,0.31451612903225806,-0.06988970588235294,-0.0913051470588235,0.9235883453348728,117.0,1.6419834487072307,0.44999999999999996,0.4,0.20938837754640383,0.5801245954235982,ctx-rh-parahippocampal
2017,0.05516336770624882,0.02418081311567446,3.367853149339857,8.671875,0.16299593582181335,0.013747733318336772,0.8208906292129323,638.609375,0.004789754574127915,17.083333333333332,0.32521980441211007,4.619791666666667,0.5197315705128205,-0.08445293351715684,-0.0760412837009804,0.776770957227299,117.05208333333333,1.754178955110536,0.3566666666666667,0.349375,0.3541458301782154,0.776047895372604,ctx-rh-paracentral
2018,-0.116320923553819,-0.044183100371955955,3.7961364994903732,12.244791666666666,0.15636174351355045,0.0008774651600972044,0.8240009988479545,640.290625,0.004361716953338335,38.93020833333333,0.3232008618258781,7.38125,0.3371531838581729,-0.06666344975490195,-0.06681724877450979,0.8038876205215033,116.734375,1.769941576367857,0.43014583333333334,0.37693750000000004,0.3072978971265194,0.7577605122720351,ctx-rh-parsopercularis
2019,0.028660106185799318,-0.11798369649912535,4.755827979599149,20.75,0.16490971541662164,0.0023817075904889874,0.828400372576415,465.9375,0.004364777139232005,84.20833333333334,0.332833981470729,11.375,0.13434946115600274,-0.09071231617647059,-0.09287837009803922,0.8081724719460772,111.5,1.7840892711527652,0.44875,0.3770833333333333,0.22564697600133862,0.723084668753031,ctx-rh-parsorbitalis
2020,-0.02663347790527962,-0.02067825769894722,4.484067588872391,16.507575757575758,0.1925426647369238,-0.0010472749529156287,0.8193444482326018,570.0378787878789,0.0038273438302222794,53.25,0.3496662827806618,9.606060606060607,0.25564859158404446,-0.06344167780748662,-0.07264622326203207,0.8458821078526008,119.47727272727273,1.743148909599705,0.39499999999999996,0.3743939393939394,0.23665721026438788,0.6910462683782514,ctx-rh-parstriangularis
2021,-0.17455696207692584,-0.014701364079668183,3.6769762200695872,9.833333333333334,0.21872591860900734,-0.003567672438028299,0.8139814202024659,814.5,0.004590710361013149,19.666666666666668,0.37631374844329235,4.5,0.6936507936507937,-0.15399509803921566,-0.14188725490196077,0.9351169327061459,116.33333333333333,1.686472962598284,0.24333333333333332,0.39666666666666667,0.3011076454887388,0.6727080537812663,ctx-rh-pericalcarine
2022,0.11928654125782188,0.04367630576313924,4.037773157167776,11.966666666666667,0.20865569232389164,-0.0030726138542181433,0.8107475222851354,548.5444444444444,0.004268550343245318,28.444444444444446,0.3751866308356624,6.877777777777778,0.4393983485650152,-0.09979534313725491,-0.10303145424836599,0.8443829870461267,116.21111111111112,1.7161783770662071,0.37955555555555553,0.3662222222222222,0.2974772242907425,0.6943978234060454,ctx-rh-postcentral
2023,-0.1932396892785305,0.10407658524605293,3.6242179721812664,9.333333333333332,0.1496437680317595,0.014284549974285712,0.8223451304192535,734.6190476190476,0.004730398665035605,27.857142857142858,0.34475035593457637,5.3809523809523805,0.3837301587301587,-0.07841123949579833,-0.07223564425770308,0.7943781248979805,116.80952380952381,1.7730065705705014,0.39142857142857146,0.34714285714285714,0.31070415625104786,0.7568794157913322,ctx-rh-posteriorcingulate
2024,-0.03946763240162854,-0.03237746622484948,3.870309724345195,12.75968253968254,0.17357569381338897,-0.0008588629020988934,0.8190733282209126,649.9492698412698,0.0043887843561201765,35.45142857142857,0.3465948681896762,6.935809523809524,0.354892574885432,-0.07291803688141923,-0.06113825396825396,0.8124052675046665,115.64596825396826,1.7536812491804001,0.3889904761904762,0.350631746031746,0.30036422483134634,0.7370939449025972,ctx-rh-precentral
2025,0.05228471927670128,0.03751514832659065,4.986230811496906,14.529629629629628,0.2642975685024861,0.0011327451315049355,0.8048404975311365,478.037037037037,0.004385620552936369,39.78888888888889,0.4481554692646506,8.466666666666667,0.4127129445970026,-0.10818804466230937,-0.10115291394335514,0.9141501832889557,120.8851851851852,1.6699084457105462,0.3551851851851852,0.3715555555555556,0.22860290726725413,0.5946659586553333,ctx-rh-precuneus
2026,-0.0014048725023925734,-0.24730967291380748,5.5820689515634765,19.125,0.26790156868795,0.0021534334806655557,0.8053533348040297,518.625,0.0037364455393613704,48.875,0.46894825964467823,10.75,0.21582510626628273,-0.10779411764705882,-0.12298713235294115,0.9238342047149105,116.625,1.6598486859756418,0.3775,0.335,0.171230605447746,0.5699812783927587,ctx-rh-rostralanteriorcingulate
2027,-0.027338484706363294,-0.05043421104607018,3.8350037834425152,12.834848484848486,0.16692685868772938,-0.000784555706324228,0.8218969420657044,622.3068181818181,0.004386229674010045,44.58712121212121,0.3484665449481224,7.940151515151515,0.2832076876526118,-0.08795008912655972,-0.0889477217023173,0.8129942013455591,113.97954545454546,1.7641911142080124,0.4241212121212122,0.3746060606060606,0.2890882668569924,0.7420427263928565,ctx-rh-rostralmiddlefrontal
2028,0.043537125415134534,0.006496787759405022,4.369787666957766,15.410554029304029,0.185308086405563,0.004843086150993771,0.8172062699252198,512.5530753968254,0.004364393430910454,37.444742063492065,0.358045399958771,8.220703601953602,0.2654023159060152,-0.1082706627522804,-0.1015820346167313,0.8338054634850515,116.02045177045177,1.735172633330817,0.3715952380952381,0.33847481684981684,0.24498026709853635,0.6963816609866353,ctx-rh-superiorfrontal
2029,-0.11381037725974387,-0.1651824180328481,5.23256891660325,17.975198412698415,0.2832895423229193,-0.0011088644535748229,0.791511207640151,477.68650793650795,0.0046770825183422285,39.96031746031746,0.4862786023021824,9.815476190476192,0.4270815750542641,-0.08187554709383754,-0.0783951914098973,0.9390443800028386,117.91964285714285,1.6323411836395614,0.3663293650793651,0.3640079365079365,0.2203552749153508,0.5689630048762728,ctx-rh-superiorparietal
2030,-0.018102079933574752,-0.0031766834230769203,4.935382531478055,17.57777777777778,0.2406650557916143,-0.0010720403392651423,0.8067666740201485,552.4322222222222,0.004282698848160029,52.034444444444446,0.4350162792395703,9.729999999999999,0.3498293351528646,-0.08954926470588236,-0.08837524509803923,0.8986393000552381,118.55111111111111,1.6841089890649492,0.3994888888888889,0.3814,0.2293872259626898,0.624765072686028,ctx-rh-superiortemporal
2031,-0.13301934787202463,-0.11802624510547152,4.323184529830621,12.299107142857142,0.23100535914307785,0.00040077193118691725,0.8043526922497802,602.6636904761905,0.004272519460216862,26.544940476190476,0.41902458680074517,6.713095238095238,0.4160158812993565,-0.1049515493697479,-0.10412660845588236,0.9073797762915489,116.48065476190476,1.6855975887156074,0.37863690476190476,0.37792261904761904,0.2698667114635521,0.6443830904286149,ctx-rh-supramarginal
2034,-0.33841356802741146,0.09677527055010773,3.047539014759111,7.5,0.16816639748029208,0.0011110384635892503,0.8204279726450474,697.5,0.003571279942276624,14.5,0.3707586780709627,4.0,0.6,-0.10327205882352941,-0.10393382352941177,0.8659584802707737,116.0,1.745851728094383,0.45,0.4,0.3599102423576923,0.768189633979548,ctx-rh-transversetemporal
2035,-0.043513191301756855,-0.08000768639243815,5.369529929060992,20.36490978157645,0.2564331200711028,-0.0008239446784166699,0.8064092804851929,614.283950617284,0.0040182242333783825,57.112773029439694,0.43844718750998446,10.603988603988604,0.3583640248193388,-0.09752311323389755,-0.09044029925004188,0.9025862282256575,117.1749762583096,1.6670604950514716,0.40097578347578344,0.36233618233618237,0.22841882593077814,0.6126659222750701,ctx-rh-insula
